1,157,139,630,521
2,337,180,626,531
3,795,120,52,958
4,1054,100,370,914
5,1932,180,624,329
6,2131,160,592,164
7,2410,1136,514,180
8,3626,538,302,200
9,4224,199,82,196
10,4524,379,219,196
11,4922,379,285,198
12,5321,179,124,203
13,5979,179,308,830
14,6218,179,411,832
15,6657,179,545,841
16,7335,120,285,849
17,7474,160,249,884
18,7813,140,289,837
19,8212,120,319,834
20,8531,100,318,844
21,8870,120,253,890
22,9009,199,245,891
23,9468,239,236,851
24,9827,100,233,857
25,10106,120,211,848
26,10305,100,208,852
27,10425,100,210,851
28,10804,140,203,860
29,11103,319,260,834
30,11960,160,208,547
31,12419,160,213,565
32,13017,259,207,553
33,13296,100,234,627
34,14313,160,1056,842
35,14652,120,1028,846
36,15788,120,1009,612
37,15988,120,1016,684
38,16346,120,962,631
39,16546,140,949,539
40,16705,120,985,548
41,16885,120,1025,586
42,17024,159,1045,727
43,17224,160,1023,716
44,17443,120,1053,718
45,17742,120,1058,710
46,18001,179,314,221
47,18400,179,80,188
48,18619,239,286,188
49,18978,120,991,648
50,19178,120,973,611
51,19536,120,956,638
52,19816,100,1010,715
53,19935,160,994,717
54,20115,339,1007,700
55,20593,100,1013,700
56,20713,100,1008,712
57,20832,139,1010,716
58,20992,219,1018,710
59,21411,159,1019,696
60,21590,120,1006,696
61,22108,259,1075,805
62,24301,140,1014,833
63,24999,140,998,779
64,25418,160,981,710
65,25757,279,964,709
66,26096,239,838,763
67,26654,179,1008,754
68,27452,140,275,705
69,27651,120,273,671
70,27950,180,234,558
71,28209,120,242,647
72,28449,219,216,575
73,28688,100,207,561
74,28847,279,232,667
75,29146,179,234,657
76,29425,259,237,668
77,29784,140,242,668
78,29944,100,242,673
79,30063,120,238,668
80,30203,120,238,679
81,30343,139,216,596
82,30502,259,229,554
83,31299,239,235,679
84,31778,140,245,675
85,31938,140,251,674
86,32097,379,249,566
87,32595,120,247,676
88,32755,160,252,672
89,32934,179,232,684
90,33154,179,230,679
91,33393,219,229,685
92,33732,140,250,681
93,34330,140,206,551
94,34489,219,199,524
95,34729,140,256,659
96,35088,120,250,677
97,35566,478,261,629
98,36065,100,242,562
99,36284,160,260,581
100,36463,199,255,576
101,36683,339,226,665
102,37121,100,220,670
103,37241,100,251,676
104,37460,140,235,666
105,37620,140,206,557
106,37779,120,236,553
107,37919,100,233,544
108,38158,160,233,548
109,38696,100,999,803
110,39175,140,1014,809
111,39514,120,1115,829
112,40052,140,898,765
113,40232,100,910,764
114,40630,259,864,773
115,41049,239,1025,706
116,41707,120,184,213
117,42484,997,535,179
118,43501,718,658,190
119,44239,698,566,219
120,45036,160,528,194
121,45216,100,522,198
122,45395,100,491,200
123,46233,100,366,578
124,46592,100,274,468
125,46911,120,157,645
126,47170,120,129,239
127,47449,219,66,209
128,47688,179,130,214
129,47888,279,286,206
130,48226,439,109,223
131,48705,160,279,209
132,49084,180,338,590
133,49482,120,254,480
134,49682,100,141,668
135,50021,140,281,932
136,50220,100,261,917
137,50340,120,305,848
138,50499,120,315,842
139,50739,160,1018,847
140,51177,199,983,838
141,51636,120,1030,822
142,52513,179,997,706
143,53091,100,979,718
144,53271,119,970,696
145,53570,179,1002,668
146,54028,140,990,595
147,54467,140,966,593
148,54706,179,964,606
149,54965,399,972,580
150,55603,100,977,598
151,55723,180,978,614
152,56062,100,976,622
153,56182,100,947,629
154,56301,100,954,608
155,56660,140,879,511
156,56879,199,874,504
157,57617,140,943,625
158,57856,319,989,606
159,58195,160,1028,593
160,58474,399,1031,599
161,58993,140,1014,585
162,59451,180,941,480
163,59671,199,943,468
164,59890,159,941,481
165,60249,219,993,586
166,60807,120,1002,624
167,61405,319,1026,493
168,61943,140,983,490
169,62262,160,1102,506
170,62741,100,1115,501
171,62880,179,839,503
172,63399,259,1000,471
173,64176,140,940,480
174,64496,140,599,278
175,64894,120,1103,491
176,65114,219,196,533
177,65393,139,245,499
178,66090,120,923,518
179,66290,199,825,515
180,67327,279,77,210
181,67785,179,124,639
182,68164,100,112,178
183,68622,339,98,208
184,69500,100,160,653
185,69839,180,121,485
186,70277,219,162,508
187,70576,219,265,482
188,70816,140,325,481
189,71035,319,319,482
190,71494,259,366,566
191,72869,100,281,608
192,73088,160,316,615
193,73507,139,303,619
194,73667,120,245,629
195,74325,259,267,617
196,74684,100,332,625
197,74963,239,263,625
198,75999,180,315,721
199,76418,120,242,723
200,76657,140,235,741
201,77275,120,326,742
202,77674,100,289,531
203,77814,179,226,523
204,78352,379,220,501
205,78811,279,224,490
206,79189,199,321,568
207,79409,219,339,563
208,81821,140,344,676
209,81981,140,362,692
210,82280,139,393,695
211,82539,279,398,695
212,82838,100,370,678
213,83436,120,346,709
214,83974,179,355,705
215,84393,120,333,663
216,84752,100,301,687
217,84892,120,326,713
218,85191,140,330,694
219,85490,140,375,703
220,85789,259,298,803
221,86327,100,397,821
222,86766,239,324,822
223,87125,199,315,834
224,87444,100,293,847
225,88381,219,376,810
226,88919,140,329,916
227,89517,140,326,919
228,89716,140,326,909
229,90095,120,323,928
230,90275,139,328,915
231,90434,120,329,932
232,90574,279,327,916
233,91092,100,338,804
234,91431,120,364,824
235,91890,259,320,709
236,92169,100,328,695
237,92607,100,402,695
238,92767,140,350,690
239,93086,120,294,669
240,93225,339,281,682
241,94003,279,354,696
242,94501,239,374,682
243,95299,140,344,704
244,95598,140,315,688
245,96415,140,325,706
246,96595,140,319,688
247,96794,100,321,718
248,97153,279,357,696
249,97452,120,324,677
250,98070,100,435,620
251,98648,179,440,631
252,98908,120,440,643
253,99486,159,423,708
254,100004,120,462,728
255,100742,100,414,619
256,101799,239,454,544
257,102058,120,457,545
258,103374,140,216,570
259,103633,100,209,554
260,103832,239,317,563
261,104191,120,326,565
262,104650,219,222,555
263,105168,140,235,562
264,105447,100,288,644
265,106245,100,218,702
266,106384,100,199,711
267,106623,179,206,719
268,107182,120,228,600
269,107322,279,243,594
270,107640,100,304,561
271,107760,299,315,555
272,108657,199,320,651
273,109315,159,358,607
274,109534,100,366,598
275,109674,239,371,619
276,110112,179,404,569
277,111010,100,236,654
278,111129,100,232,670
279,111408,199,217,674
280,111668,140,439,742
281,112026,160,503,697
282,113422,100,410,697
283,114399,180,409,811
284,114917,120,352,766
285,115197,100,342,787
286,116034,140,448,822
287,117430,140,328,815
288,117988,199,283,844
289,118725,100,228,582
290,118945,478,205,553
291,119503,160,195,555
292,119902,100,148,538
293,120580,100,405,808
294,120739,120,390,807
295,121078,140,418,811
296,121636,180,412,815
297,121836,120,483,818
298,122434,199,331,880
299,124687,120,444,790
300,125026,100,415,869
301,125365,100,388,877
302,125504,159,394,877
303,125744,159,391,881
304,125943,159,373,875
305,127458,100,379,878
306,127937,120,382,869
307,128475,120,439,791
308,128953,100,483,885
309,129153,100,460,893
310,130509,379,68,212
311,131206,319,106,212
312,131725,518,290,210
313,132283,160,394,825
314,132742,120,355,909
315,132881,100,399,909
316,133061,100,388,906
317,134317,120,434,760
318,134855,140,799,720
319,135812,139,1005,482
320,136310,100,453,700
321,137088,160,423,698
322,137965,100,369,888
323,138523,160,433,903
324,138763,140,298,906
325,139321,120,310,891
326,139480,159,572,843
327,139680,100,566,824
328,140278,120,270,867
329,140477,219,343,868
330,140836,160,344,869
331,141195,179,232,890
332,141454,140,221,875
333,142311,180,245,873
334,142910,120,181,806
335,143109,120,190,897
336,143707,140,262,854
337,143887,140,306,859
338,144206,119,275,856
339,144445,219,283,866
340,144943,179,256,850
341,145781,100,273,839
342,145900,140,272,851
343,146678,140,338,846
344,146837,100,338,853
345,147156,179,351,884
346,147356,179,388,871
347,147555,100,393,837
348,147755,160,421,847
349,148692,140,277,853
350,148991,180,264,840
351,149270,140,239,782
352,149629,180,164,812
353,149928,139,176,817
354,150187,140,205,819
355,150486,140,207,818
356,151184,120,86,799
357,151323,120,98,755
358,151562,140,144,730
359,153217,100,114,653
360,153716,279,84,656
361,154314,179,142,642
362,154513,319,94,667
363,155470,219,235,767
364,156507,120,298,687
365,158541,100,453,647
366,158860,120,449,513
367,159817,100,463,587
368,160215,199,454,576
369,161392,120,514,540
370,162090,179,356,553
371,162648,120,231,566
372,162787,140,233,571
373,163346,119,237,588
374,163525,140,232,607
375,163705,319,209,544
376,164123,100,196,547
377,164322,140,143,483
378,164482,100,152,480
379,164701,100,148,475
380,164901,159,145,484
381,165479,120,331,504
382,165638,120,332,514
383,165898,120,309,493
384,166177,140,236,560
385,166396,100,293,496
386,166735,159,219,556
387,167293,159,482,582
388,167612,339,471,582
389,168111,100,317,610
390,168230,120,308,623
391,168410,160,281,640
392,168868,200,316,702
393,170762,179,395,699
394,171261,100,306,664
395,171400,100,266,684
396,171819,179,182,723
397,172377,100,353,772
398,173055,179,428,759
399,173394,199,418,779
400,174012,179,165,758
401,174271,100,149,817
402,175069,100,361,850
403,177242,100,372,795
404,178059,160,248,750
405,178359,259,193,718
406,179096,140,487,645
407,180073,100,476,678
408,180193,120,477,636
409,181329,239,369,862
410,181648,160,367,872
411,181828,199,376,876
412,182286,180,383,829
413,183921,100,329,825
414,184479,160,430,759
415,184818,100,228,757
416,185696,120,277,535
417,185875,199,341,542
418,187789,498,268,207
419,188965,120,339,535
420,189185,100,324,545
421,189364,100,192,544
422,190560,179,890,704
423,190819,100,993,743
424,191537,180,846,488
425,191737,120,851,482
426,192454,140,322,616
427,192674,140,303,541
428,192933,120,273,484
429,193252,160,360,424
430,193950,180,1000,484
431,194787,100,306,549
432,195604,120,981,505
433,196103,120,824,517
434,196242,199,848,496
435,196462,120,905,522
436,196761,140,850,477
437,197738,199,993,476
438,198097,279,1108,491
439,198436,140,846,512
440,199034,160,805,529
441,199233,339,802,526
442,199592,120,804,538
443,199911,299,834,632
444,201127,100,897,615
445,201685,219,894,624
446,202104,120,851,627
447,202283,120,859,605
448,202523,159,863,610
449,202742,139,872,627
450,203001,120,846,607
451,203141,140,835,582
452,203320,180,775,524
453,203879,179,266,219
454,204277,100,746,501
455,204397,120,748,495
456,204537,120,732,481
457,204676,179,748,479
458,204995,160,733,493
459,205194,419,744,485
460,205633,179,774,497
461,206131,159,896,613
462,208883,179,846,584
463,209760,100,926,603
464,210019,379,988,612
465,210657,140,911,633
466,210817,140,913,592
467,210976,199,910,605
468,212013,140,242,623
469,212492,140,218,753
470,213010,120,340,545
471,213150,219,367,533
472,213409,160,366,539
473,213608,120,335,537
474,213748,140,339,546
475,214067,120,323,531
476,214286,179,366,508
477,214804,319,386,552
478,215462,179,303,552
479,215682,179,442,441
480,216041,319,478,454
481,216639,219,460,455
482,217037,120,468,449
483,217237,140,469,454
484,217396,120,479,488
485,217755,159,496,561
486,218333,100,454,557
487,218572,100,418,539
488,218911,140,430,519
489,219151,279,412,519
490,219649,120,366,525
491,219789,199,384,522
492,220865,100,500,569
493,221065,120,438,541
494,221882,179,455,481
495,222082,359,462,474
496,222759,120,463,435
497,223078,140,451,588
498,223597,120,483,560
499,223856,100,468,564
500,224155,120,429,549
501,224295,160,432,539
502,225271,100,462,436
503,225391,160,484,482
504,225650,100,487,466
505,225870,100,460,489
506,225989,120,458,473
507,226149,159,527,475
508,226388,120,538,503
509,226567,140,564,490
510,226986,120,471,596
511,227146,100,465,586
512,227385,119,443,607
513,227564,160,440,578
514,227824,179,507,597
515,228362,100,410,763
516,229319,100,504,608
517,229638,120,206,536
518,229777,140,213,528
519,229937,179,190,544
520,230196,140,195,560
521,230655,140,152,451
522,230934,160,217,549
523,231313,120,225,562
524,231731,219,257,632
525,232110,219,292,651
526,232549,140,235,661
527,233027,179,189,535
528,233266,139,186,565
529,233446,140,174,547
530,233865,339,196,541
531,234223,159,187,546
532,234642,279,199,553
533,235121,159,167,677
534,235360,139,161,586
535,235818,359,197,549
536,236456,179,200,548
537,237633,100,186,462
538,237852,140,235,503
539,238031,160,175,550
540,238251,179,187,558
541,238650,160,129,560
542,239108,159,176,563
543,239307,100,177,566
544,239686,120,157,599
545,240344,339,160,706
546,240703,100,164,718
547,240823,160,147,724
548,241082,100,138,726
549,241381,140,238,717
550,241979,219,207,838
551,243076,180,191,838
552,243415,199,130,631
553,243634,219,98,595
554,243873,100,120,601
555,244073,379,129,640
556,244471,100,305,603
557,244731,219,338,562
558,244970,120,308,562
559,245169,100,188,575
560,245388,199,155,575
561,245628,180,159,581
562,245967,100,386,556
563,246385,159,344,675
564,247063,140,249,657
565,247263,179,239,641
566,247721,239,242,641
567,248160,120,252,603
568,248578,160,237,649
569,248778,259,243,643
570,249296,100,266,656
571,250074,120,207,699
572,250951,140,243,671
573,251390,140,247,692
574,251888,140,206,721
575,252187,199,210,794
576,252586,100,246,946
577,253005,120,257,914
578,253344,120,217,824
579,253702,120,225,816
580,254201,120,273,919
581,254879,100,216,800
582,255058,100,253,832
583,255258,100,340,829
584,255457,100,188,814
585,255736,180,203,810
586,256075,140,214,810
587,256394,219,171,917
588,256833,279,152,939
589,257630,279,217,830
590,258029,120,183,957
591,258328,120,179,954
592,259225,239,194,927
593,261199,120,818,474
594,262296,319,732,478
595,262634,179,733,494
596,263352,120,203,830
597,263930,100,733,466
598,264170,139,794,470
599,264967,100,897,543
600,265146,120,907,635
601,265665,140,752,446
602,265884,140,285,892
603,267419,140,287,850
604,268297,160,819,516
605,268656,100,806,505
606,268994,120,912,536
607,269194,100,858,540
608,269313,160,846,530
609,269632,180,929,558
610,269832,120,929,544
611,270171,120,912,548
612,270410,100,888,532
613,270869,120,996,501
614,271766,219,197,569
615,272264,219,179,580
616,272503,140,198,741
617,274776,100,218,242
618,274976,179,329,213
619,275394,100,483,188
620,276411,160,529,196
621,276591,160,522,198
622,277109,159,674,218
623,277328,120,662,222
624,277767,299,565,248
625,278086,120,573,256
626,280000,140,158,239
627,280299,160,155,260
628,280857,120,301,235
629,281256,140,292,223
630,281555,120,315,225
631,281774,100,298,227
632,281954,100,303,222
633,282253,140,297,233
634,282412,120,305,236
635,282971,279,295,233
636,284386,140,210,189
637,287297,120,282,220
638,287596,120,284,221
639,288035,120,293,234
640,288433,100,301,216
641,288553,239,300,254
642,290507,100,272,203
643,296129,100,143,253
644,304603,259,187,568
645,304882,120,179,482
646,306617,100,408,555
647,308670,119,188,455
648,310126,120,215,510
649,310285,119,221,535
650,310524,120,225,539
651,311880,120,210,559
652,313754,139,331,439
653,314033,100,488,414
654,314372,159,140,453
655,314831,100,149,457
656,315349,159,153,445
657,315668,180,137,449
658,316127,259,121,503
659,316505,100,131,496
660,316844,199,126,498
661,317283,100,177,499
662,317642,139,165,535
663,317901,120,201,585
664,318479,100,152,545
665,318699,140,146,571
666,318918,120,186,556
667,319396,140,221,644
668,321290,140,229,581
669,321948,120,297,703
670,322706,120,279,723
671,323583,140,389,465
672,324760,159,471,576
673,325457,100,454,569
674,325836,279,478,591
675,326773,159,482,580
676,327052,100,494,569
677,327531,100,505,682
678,328986,120,293,239
679,329545,100,479,730
680,331598,179,472,839
681,334728,120,147,233
682,335167,100,288,225
683,335685,199,465,578
684,336084,160,487,741
685,337799,140,488,545
686,338297,100,427,538
687,339095,100,471,579
688,342364,159,388,881
689,342843,140,370,883
690,344558,160,408,721
691,346093,120,461,576
692,346252,100,469,683
693,346571,140,468,724
694,347887,120,436,590
695,349024,100,306,860
696,349741,179,289,868
697,350858,100,273,844
698,351077,120,311,833
699,352513,100,344,812
700,353051,140,263,893
701,353210,100,270,811
702,356640,100,222,768
703,357417,219,122,756
704,357656,120,101,733
705,359989,120,287,583
706,360508,160,286,495
707,360986,219,299,480
708,361504,100,299,494
709,361923,100,309,497
710,362741,140,355,505
711,364714,159,461,559
712,366130,100,416,578
713,367047,120,564,476
714,367346,119,401,554
715,368343,120,379,680
716,370078,100,576,464
717,370775,100,553,513
718,372968,100,247,470
719,374005,159,221,538
720,375301,120,203,651
721,375680,100,173,614
722,375939,100,168,578
723,376836,100,472,487
724,377096,100,482,444
725,377873,140,246,797
726,378092,100,299,897
727,378212,159,302,884
728,378511,100,253,891
729,379189,100,264,890
730,379388,179,311,881
731,380226,100,242,890
732,380824,100,162,852
733,381123,160,314,783
734,382040,219,302,875
735,382538,120,142,854
736,382718,160,143,858
737,383376,100,178,956
738,384094,159,236,916
739,384931,120,154,952
740,385609,140,223,806
741,386366,179,258,809
742,387284,100,287,871
743,387662,199,322,819
744,388280,120,276,901
745,388520,120,230,906
746,388799,140,248,892
747,390992,100,170,785
748,391391,140,164,815
749,392208,120,214,841
750,392408,140,218,848
751,392627,199,205,843
752,393145,120,306,895
753,394541,100,393,906
754,396435,140,199,833
755,396854,259,211,821
756,397232,100,193,839
757,397771,100,163,862
758,399984,120,249,755
759,402217,200,189,917
760,402755,100,165,816
761,403014,100,195,542
762,403313,100,180,431
763,404669,119,152,845
764,404809,120,84,912
765,405766,120,194,844
766,408597,100,843,654
767,409514,100,909,603
768,409673,160,911,606
769,409853,100,919,629
770,410969,120,737,468
771,411428,100,822,648
772,412206,179,859,472
773,412564,120,831,544
774,412863,120,807,528
775,413402,120,1003,477
776,413601,219,1112,493
777,414000,279,924,658
778,414419,100,870,753
779,414757,160,844,503
780,414937,100,846,484
781,415156,120,844,496
782,415396,179,854,493
783,415595,199,847,502
784,415834,199,854,559
785,416751,199,910,615
786,417828,159,954,481
787,418107,120,920,562
788,418346,139,919,582
789,418526,100,894,632
790,418924,100,963,471
791,420300,179,982,489
792,420500,299,994,496
793,420898,199,1038,642
794,421217,100,1029,653
795,421397,120,943,614
796,422633,140,947,721
797,422792,100,943,708
798,423390,100,1043,707
799,423630,139,1133,743
800,423809,100,1129,745
801,424348,120,996,751
802,425105,120,965,736
803,425284,120,955,758
804,425604,100,856,767
805,425982,100,865,774
806,426202,100,869,768
807,428993,180,833,850
808,429990,120,835,866
809,430668,100,792,920
810,431206,140,778,896
811,431365,120,780,895
812,431724,120,773,886
813,431964,100,795,921
814,432103,180,805,920
815,432821,159,879,856
816,434396,159,851,627
817,435154,120,793,646
818,435512,160,979,648
819,435911,120,967,636
820,436569,100,984,675
821,438284,139,966,689
822,438862,160,1034,673
823,439101,120,1047,639
824,441135,100,1021,789
825,441733,100,918,787
826,442032,100,1000,787
827,442152,180,1028,800
828,442989,140,1084,815
829,443168,159,1094,822
830,444385,160,1102,842
831,444564,199,1109,847
832,444883,120,1115,851
833,446259,100,1086,842
834,446837,100,1089,776
835,447016,140,931,778
836,448332,100,1088,842
837,455091,100,87,202
838,455510,120,35,209
839,464462,140,1067,842
840,465359,120,1043,846
841,466695,160,526,337
842,466974,100,483,217
843,468270,100,1086,832
844,468509,100,1091,834
845,468808,179,1035,825
846,469386,120,1107,854
847,470842,239,1063,846
848,471121,359,1078,836
849,471759,140,1091,835
850,472457,259,1067,849
851,472975,160,908,1076
852,474111,179,1103,834
853,474450,100,988,878
854,474590,120,1060,853
855,475248,100,197,791
856,476344,239,595,1015
857,476703,239,952,1067
858,477301,140,949,795
859,478258,239,240,816
860,478817,100,211,826
861,479774,160,411,34
862,480152,199,417,24
863,480392,239,665,68
864,480651,120,942,42
865,480890,259,913,-70
866,481169,199,907,-56
867,481408,140,895,91
868,481608,120,900,86
869,481748,199,849,117
870,482066,279,849,132
871,482366,100,845,138
872,482565,160,842,147
873,482844,140,808,185
874,483083,159,791,235
875,483961,120,249,752
876,484120,100,225,765
877,485556,120,293,213
878,486174,100,565,211
879,486532,140,565,222
880,487190,100,668,250
881,487390,199,661,237
882,487888,199,662,234
883,488108,100,644,275
884,488427,239,562,286
885,489124,100,497,229
886,489304,199,490,227
887,489563,100,486,96
888,490042,259,495,246
889,490580,120,94,251
890,491078,100,488,202
891,492314,159,125,254
892,492494,120,136,249
893,494926,159,256,689
894,495464,100,218,691
895,495903,120,249,699
896,497498,160,439,633
897,497797,439,496,602
898,498495,120,494,599
899,500190,259,391,579
900,500648,180,448,595
901,502443,239,253,632
902,502762,120,211,579
903,504875,120,201,715
904,506550,259,130,759
905,508125,100,112,664
906,510178,139,118,648
907,510836,100,145,638
908,511375,120,152,653
909,513209,100,194,753
910,513847,159,197,760
911,514026,120,216,725
912,514644,140,316,715
913,516060,120,316,727
914,516857,120,299,756
915,517595,120,374,713
916,518193,100,182,248
917,518353,120,127,230
918,519988,100,1098,890
919,522061,159,1085,471
920,522639,140,951,466
921,523138,140,945,786
922,523397,100,963,882
923,523796,140,1009,888
924,523975,100,1006,900
925,524135,100,1030,899
926,524474,180,936,897
927,525790,140,939,788
928,525969,100,944,822
929,526826,179,919,892
930,527464,100,914,878
931,528960,100,895,918
932,529179,140,984,917
933,529637,120,928,799
934,529976,120,1016,793
935,542098,100,356,831
936,542736,120,439,653
937,543933,120,1050,812
938,544311,100,1028,808
939,544511,140,1003,790
940,545089,100,401,691
941,546006,160,450,764
942,548758,219,431,632
943,549774,120,457,613
944,554858,100,298,831
945,558208,100,226,858
946,565605,120,461,254
947,565804,100,484,216
948,569293,100,500,241
949,569612,180,503,243
950,570051,120,659,247
951,570190,100,661,252
952,570310,140,661,272
953,570509,159,584,278
954,570689,139,518,250
955,570988,279,559,224
956,572423,100,870,665
957,573021,120,1024,803
958,573580,100,976,855
959,574277,100,448,751
960,576471,100,981,871
961,580159,179,546,233
962,580358,140,544,212
963,580638,299,501,241
964,580976,120,511,227
965,581156,120,514,225
966,581296,139,519,213
967,583409,120,94,247
968,584585,100,517,215
969,584844,120,167,218
970,585482,100,171,225
971,585642,100,147,211
972,585981,219,313,218
973,588074,140,217,715
974,588493,100,316,765
975,591324,100,909,765
976,592361,120,998,831
977,592879,159,966,838
978,593118,139,975,844
979,593318,139,914,793
980,594873,120,442,759
981,595411,100,254,803
982,599957,120,273,727
983,600416,120,327,730
984,600595,179,337,732
985,601612,120,933,658
986,602808,100,333,705
987,605539,100,981,800
988,606038,100,1003,837
989,606556,160,926,816
990,607075,100,872,739
991,608171,100,936,616
992,611162,100,207,429
993,611959,100,217,434
994,612478,120,237,415
995,612777,120,198,425
996,613036,100,273,538
997,613315,100,215,534
998,613734,100,217,557
999,614392,160,282,557
1000,615050,100,206,551
1001,615408,140,205,552
1002,615568,140,215,561
1003,616026,160,341,229
1004,618898,219,663,214
1005,619396,219,555,226
1006,619695,100,508,194
1007,620194,120,323,216
1008,621091,100,87,231
1009,621410,100,285,243
1010,621689,140,324,220
1011,621908,159,328,229
1012,622945,140,365,660
1013,623782,120,157,731
1014,627411,100,513,457
1015,627770,180,496,446
1016,627969,120,502,431
1017,628188,100,516,448
1018,628308,100,504,443
1019,628866,119,467,426
1020,629126,140,509,436
1021,629385,100,520,447
1022,629783,199,510,495
1023,630122,120,546,502
1024,630800,100,484,507
1025,632116,120,913,505
1026,632495,139,908,499
1027,634489,100,1037,639
1028,635805,120,941,584
1029,636542,140,974,491
1030,638097,179,977,585
1031,638676,100,959,590
1032,639234,120,951,599
1033,641068,100,974,498
1034,641248,100,846,445
1035,642544,120,793,433
1036,643042,139,775,427
1037,643520,199,979,459
1038,644756,120,1003,554
1039,646511,120,319,252
1040,646651,219,304,214
1041,647109,120,1031,606
1042,649043,100,993,598
1043,649163,139,1003,604
1044,649661,120,1016,613
1045,650299,120,1054,565
1046,650518,100,1052,573
1047,650897,120,1051,609
1048,651914,100,1034,557
1049,653011,100,1100,724
1050,653549,159,1057,717
1051,654705,120,1077,836
1052,654885,100,1077,826
1053,655084,100,1047,681
1054,656878,120,443,547
1055,657915,100,525,577
1056,675081,120,488,586
1057,675480,120,150,285
1058,676716,100,1148,635
1059,677653,100,948,603
1060,678351,179,425,583
1061,678551,100,463,567
1062,678850,140,491,585
1063,679627,100,440,599
1064,679966,140,487,587
1065,680365,120,561,667
1066,687403,160,359,760
1067,690035,120,523,773
1068,694202,199,160,453
1069,695597,179,467,465
1070,696076,100,468,441
1071,696714,120,118,564
1072,696953,140,145,458
1073,697471,159,131,446
1074,697910,120,395,523
1075,698289,100,166,517
1076,698528,100,139,593
1077,698966,100,184,519
1078,699166,100,234,634
1079,699445,140,273,641
1080,699605,120,270,619
1081,700502,120,348,733
1082,700781,140,222,772
1083,701140,100,203,746
1084,702456,100,327,677
1085,705566,100,96,361
1086,705686,120,87,382
1087,706244,120,179,359
1088,706463,199,204,423
1089,707839,100,259,788
1090,709354,100,318,801
1091,709932,120,353,761
1092,710191,120,325,716
1093,711228,100,190,566
1094,711527,100,257,509
1095,712325,120,232,539
1096,712743,120,220,238
1097,713142,100,66,178
1098,713342,219,70,190
1099,713820,120,96,189
1100,713960,180,156,200
1101,716751,100,331,482
1102,716870,139,246,511
1103,717768,140,124,558
1104,717947,180,127,566
1105,718366,139,188,518
1106,718705,140,93,508
1107,719163,159,81,505
1108,720379,100,836,521
1109,720698,140,986,489
1110,721018,160,1073,727
1111,721197,140,1096,691
1112,722832,100,1146,656
1113,723250,100,1005,600
1114,723450,120,1020,599
1115,723609,319,1019,595
1116,723948,180,943,594
1117,724287,100,825,526
1118,725144,120,985,577
1119,725404,159,1017,597
1120,725643,219,1018,601
1121,726400,120,1002,605
1122,726839,140,972,610
1123,726999,120,974,607
1124,727258,419,1013,620
1125,727836,140,1015,713
1126,728056,100,1000,709
1127,729252,120,1010,734
1128,730109,100,302,229
1129,730588,140,284,202
1130,731923,139,1024,738
1131,732541,100,809,718
1132,733100,100,985,724
1133,733718,299,981,754
1134,735333,120,1011,785
1135,735492,100,1008,751
1136,736668,179,988,608
1137,737107,179,1050,710
1138,737466,100,1057,734
1139,737904,239,1036,725
1140,738363,120,1060,734
1141,738562,120,1055,745
1142,739380,179,1064,857
1143,739759,100,1133,847
1144,741473,100,1093,924
1145,742809,120,1048,946
1146,743188,140,1023,837
1147,745242,120,1048,959
1148,746936,100,1009,519
1149,748731,119,901,640
1150,749369,139,921,724
1151,749528,120,992,761
1152,749847,120,1030,717
1153,751382,120,830,592
1154,751542,100,978,511
1155,751721,140,965,481
1156,752060,100,981,508
1157,752180,180,973,493
1158,752419,120,1028,466
1159,752678,140,1058,486
1160,752937,259,1026,506
1161,753536,199,809,454
1162,753974,120,813,492
1163,754213,100,800,515
1164,754532,179,814,546
1165,755629,159,971,483
1166,755868,160,984,482
1167,756068,120,947,484
1168,756287,159,818,560
1169,756945,100,787,551
1170,757623,100,850,623
1171,757962,140,843,632
1172,759916,120,861,764
1173,762009,100,833,887
1174,762767,120,923,944
1175,763305,100,921,754
1176,764401,120,984,779
1177,765339,120,1034,875
1178,767272,140,1064,888
1179,768289,100,1110,851
1180,768409,140,1108,814
1181,769725,160,1142,906
1182,771718,120,864,755
1183,773553,140,875,562
1184,774809,259,853,691
1185,775088,100,852,684
1186,775367,120,846,690
1187,775746,100,850,689
1188,775945,100,888,668
1189,776065,120,887,706
1190,776444,100,902,707
1191,776563,179,906,672
1192,776902,120,942,659
1193,778138,319,859,673
1194,778756,219,911,653
1195,779993,100,764,645
1196,780491,100,912,657
1197,781807,100,810,554
1198,783143,140,1034,525
1199,784618,120,1016,615
1200,785655,120,873,789
1201,786014,100,940,900
1202,786153,120,930,898
1203,787449,120,424,206
1204,788426,120,974,808
1205,789682,100,1003,612
1206,790240,100,1004,580
1207,790440,139,1004,599
1208,793869,120,1180,903
1209,795584,120,958,603
1210,795783,100,988,530
1211,796880,120,1073,582
1212,797578,120,946,728
1213,797936,100,953,720
1214,798455,139,1010,615
1215,799452,100,1044,624
1216,799571,279,1055,597
1217,800050,140,1045,598
1218,800827,140,989,647
1219,802004,100,1007,721
1220,802362,120,1017,701
1221,802602,179,1034,720
1222,804157,100,258,213
1223,807407,179,293,519
1224,809301,179,224,474
1225,809500,179,199,464
1226,810118,120,133,463
1227,810298,100,157,467
1228,810716,159,1059,672
1229,811055,120,1077,590
1230,811853,140,1131,642
1231,812650,139,1088,707
1232,813188,179,1145,687
1233,813408,259,1107,681
1234,813707,100,997,863
1235,814185,359,1012,865
1236,814664,120,558,214
1237,814863,219,486,197
1238,816020,219,549,182
1239,816358,120,551,168
1240,816498,239,552,186
1241,816857,120,646,192
1242,816997,100,659,179
1243,817136,339,654,194
1244,817535,160,542,233
1245,817714,199,555,221
1246,817934,100,552,222
1247,818133,439,504,186
1248,818930,140,291,212
1249,820047,120,295,640
1250,821682,100,284,664
1251,822340,120,253,716
1252,824134,100,262,710
1253,824792,120,290,711
1254,825410,100,448,579
1255,828182,180,1042,604
1256,828381,100,1018,590
1257,829497,120,925,691
1258,830275,319,942,743
1259,831272,179,996,771
1260,832568,100,973,709
1261,832807,100,994,745
1262,833006,140,1008,741
1263,833365,180,989,739
1264,833684,259,1014,742
1265,834163,219,466,605
1266,834422,180,413,677
1267,835060,120,1006,722
1268,835698,100,928,737
1269,836515,160,1021,754
1270,837273,160,995,740
1271,838409,120,1014,588
1272,838768,120,1154,572
1273,838968,100,1205,608
1274,839087,179,1212,654
1275,839386,100,1179,576
1276,839865,100,448,691
1277,839984,199,449,613
1278,841659,120,443,655
1279,843334,179,990,572
1280,843793,120,1088,572
1281,844072,100,1144,670
1282,846404,120,486,203
1283,846604,120,499,190
1284,846983,120,641,209
1285,847182,100,650,197
1286,847501,100,654,197
1287,847640,239,655,219
1288,847940,100,660,207
1289,848159,120,654,205
1290,848298,159,662,217
1291,848637,100,654,218
1292,848936,140,653,205
1293,849435,180,653,216
1294,849634,179,650,213
1295,850452,120,534,230
1296,850591,120,556,246
1297,853961,199,496,655
1298,855855,100,530,733
1299,857569,120,1160,542
1300,858447,100,932,985
1301,859543,140,1043,623
1302,860819,100,1078,552
1303,861517,120,1035,603
1304,861816,160,1030,588
1305,862055,140,1039,593
1306,862255,180,1078,676
1307,862514,140,954,701
1308,862713,120,952,680
1309,863172,159,922,732
1310,863351,100,939,740
1311,863491,160,939,742
1312,863710,279,946,745
1313,864408,219,679,730
1314,864807,140,302,779
1315,865146,120,327,682
1316,865704,140,983,708
1317,866621,120,948,665
1318,867040,100,1062,702
1319,867319,179,1078,694
1320,867558,239,1085,675
1321,868435,179,1083,679
1322,868914,199,1084,762
1323,869313,100,1064,779
1324,869552,120,1066,664
1325,872782,100,293,197
1326,873480,100,311,205
1327,874676,279,1089,726
1328,875234,100,1097,737
1329,877168,179,878,742
1330,878304,120,927,768
1331,882790,100,983,777
1332,883169,100,970,772
1333,883388,120,988,788
1334,883708,120,1073,834
1335,884744,100,987,799
1336,885003,100,966,789
1337,886678,120,888,821
1338,887077,100,927,838
1339,889170,140,1090,879
1340,889589,160,1080,867
1341,894514,100,908,809
1342,894633,120,908,804
1343,896846,100,889,797
1344,900495,100,880,763
1345,902110,100,921,763
1346,903047,120,940,776
1347,903625,120,1008,812
1348,905499,120,928,652
1349,906237,120,893,535
1350,907313,100,911,590
1351,907792,100,913,609
1352,908988,120,1080,730
1353,909327,100,1114,652
1354,909905,160,1072,694
1355,910862,120,1113,681
1356,911022,100,1125,659
1357,912118,120,1081,699
1358,912756,179,1060,723
1359,913414,140,1097,751
1360,914152,120,1102,751
1361,915049,100,1174,713
1362,915887,100,1171,721
1363,917482,199,1000,722
1364,917960,180,924,678
1365,919116,120,903,596
1366,919396,100,878,644
1367,920372,140,900,679
1368,924001,140,249,214
1369,926533,100,964,848
1370,927052,100,882,803
1371,929025,100,826,756
1372,929783,100,831,842
1373,931737,140,973,750
1374,931996,100,937,645
1375,932754,140,867,647
1376,932913,100,822,766
1377,933731,140,918,760
1378,935206,100,919,820
1379,935764,120,918,907
1380,937459,120,917,764
1381,938017,100,302,242
1382,938137,140,313,227
1383,938954,140,902,790
1384,940210,279,878,906
1385,940529,160,892,894
1386,941586,100,862,677
1387,942882,140,892,643
1388,943181,100,920,635
1389,944876,119,902,639
1390,945015,399,913,611
1391,945574,120,957,598
1392,946251,100,958,635
1393,946690,100,1008,594
1394,946929,140,1005,584
1395,947468,100,965,603
1396,948524,139,923,563
1397,949302,100,1017,590
1398,950119,219,908,527
1399,950358,100,919,531
1400,951016,239,867,531
1401,952013,120,914,538
1402,952272,159,966,518
1403,952871,100,874,622
1404,953868,100,900,543
1405,954107,140,806,492
1406,954545,100,838,487
1407,954864,100,842,490
1408,955124,100,827,526
1409,955662,159,874,452
1410,955841,100,874,422
1411,956499,119,933,491
1412,956659,159,916,486
1413,956898,160,904,615
1414,957456,120,792,618
1415,957596,120,808,602
1416,957875,199,850,600
1417,958752,100,827,568
1418,960048,100,765,825
1419,960447,159,763,807
1420,960866,140,772,822
1421,961125,100,767,814
1422,961444,100,807,864
1423,962819,279,794,374
1424,963118,120,800,353
1425,964115,120,858,854
1426,964953,100,862,840
1427,965212,219,858,845
1428,966847,100,871,757
1429,967246,100,823,843
1430,970914,120,920,551
1431,971153,140,938,588
1432,973008,319,967,611
1433,973346,160,960,613
1434,973546,100,970,600
1435,973785,299,976,603
1436,974403,100,1031,650
1437,975639,120,1057,693
1438,975819,140,1014,686
1439,976975,120,351,559
1440,981242,119,888,450
1441,981640,120,895,458
1442,982179,100,367,609
1443,982298,100,265,518
1444,982498,259,350,578
1445,983295,100,240,489
1446,984133,160,906,758
1447,984332,159,894,748
1448,984771,140,956,481
1449,985130,140,372,204
1450,985668,239,485,210
1451,986585,100,649,212
1452,987004,140,527,230
1453,987163,179,538,241
1454,987363,159,549,257
1455,987682,159,495,227
1456,988020,120,286,242
1457,988658,279,277,235
1458,989336,120,124,237
1459,989934,100,379,722
1460,991689,239,1024,913
1461,992845,100,1022,901
1462,993184,120,896,896
1463,993583,120,835,891
1464,993762,179,904,904
1465,994082,120,887,895
1466,994281,120,875,839
1467,995956,140,983,492
1468,996155,100,986,463
1469,997072,120,1093,736
1470,997431,100,1095,799
1471,998029,279,990,826
1472,998328,239,1046,808
1473,998587,160,1087,722
1474,999604,199,1014,646
1475,999824,139,1013,652
1476,1000880,100,299,205
1477,1001379,120,304,196
1478,1001917,100,77,215
1479,1002296,120,309,220
1480,1003552,140,78,261
1481,1005147,159,997,658
1482,1005326,100,1049,655
1483,1005745,100,1045,483
1484,1006941,100,786,673
1485,1007459,259,775,577
1486,1007878,160,757,568
1487,1008636,140,772,568
1488,1009274,100,832,572
1489,1009633,140,829,588
1490,1009952,140,870,623
1491,1010251,140,874,627
1492,1011088,100,861,596
1493,1012584,100,794,570
1494,1012902,160,933,476
1495,1013202,160,970,497
1496,1013580,140,750,706
1497,1014896,160,1074,819
1498,1015275,179,1099,663
1499,1015494,140,1088,666
1500,1016132,139,1095,639
1501,1017269,100,1089,725
1502,1017688,120,977,867
1503,1018286,120,968,732
1504,1018664,100,937,654
1505,1019322,120,907,979
1506,1021117,100,985,586
1507,1021296,160,1029,796
1508,1021515,140,1013,755
1509,1021695,259,997,818
1510,1022612,100,929,725
1511,1023190,140,1020,681
1512,1023390,120,1016,647
1513,1023529,180,1016,660
1514,1023828,120,985,656
1515,1024825,100,1006,695
1516,1025044,159,990,703
1517,1025443,120,960,679
1518,1025682,359,982,698
1519,1026520,100,892,718
1520,1028394,179,1059,654
1521,1028593,199,1051,645
1522,1028813,100,1099,617
1523,1030009,259,1096,633
1524,1030348,120,1101,751
1525,1030707,120,891,474
1526,1032920,120,816,662
1527,1033179,100,817,703
1528,1034056,180,917,568
1529,1035153,120,935,587
1530,1035691,100,715,777
1531,1035910,259,744,790
1532,1036628,159,900,604
1533,1037226,140,801,665
1534,1037446,140,1040,966
1535,1038123,179,794,746
1536,1038881,100,786,730
1537,1039698,120,832,739
1538,1039938,139,890,590
1539,1040656,100,871,576
1540,1041493,120,854,563
1541,1042769,100,847,628
1542,1043965,120,298,240
1543,1045261,100,481,774
1544,1046138,100,494,740
1545,1048252,100,189,506
1546,1048770,100,166,464
1547,1050305,120,862,405
1548,1051482,140,571,174
1549,1051701,100,457,195
1550,1053196,160,519,242
1551,1053894,100,647,248
1552,1054093,120,651,236
1553,1054313,100,655,249
1554,1054911,100,547,217
1555,1055070,339,555,178
1556,1055569,120,490,237
1557,1055888,100,192,275
1558,1056406,199,284,254
1559,1056705,120,288,221
1560,1058440,179,290,194
1561,1058998,120,314,726
1562,1059237,100,495,785
1563,1060234,239,902,884
1564,1060573,379,967,909
1565,1061052,159,890,913
1566,1062228,140,888,833
1567,1062986,179,377,221
1568,1069644,199,485,739
1569,1070163,279,279,205
1570,1071160,140,182,242
1571,1072675,100,385,788
1572,1072974,140,488,637
1573,1073911,100,125,236
1574,1074031,100,125,242
1575,1074150,558,97,273
1576,1075726,120,136,275
1577,1076523,100,276,262
1578,1077580,100,267,285
1579,1077700,120,269,268
1580,1077899,160,273,263
1581,1078836,140,289,252
1582,1079135,140,127,257
1583,1079594,239,293,248
1584,1081448,139,328,243
1585,1083342,120,427,616
1586,1083501,259,503,657
1587,1084578,120,304,188
1588,1085096,200,495,216
1589,1085914,100,318,200
1590,1086592,100,512,194
1591,1086871,159,642,201
1592,1087170,180,660,211
1593,1087369,100,668,229
1594,1087668,100,539,216
1595,1087887,159,538,265
1596,1088326,180,490,203
1597,1088665,140,475,210
1598,1088884,219,318,222
1599,1089722,139,98,233
1600,1089981,259,307,222
1601,1092353,199,437,615
1602,1093809,120,300,687
1603,1094846,100,929,831
1604,1095324,159,850,730
1605,1095703,100,904,746
1606,1096421,160,462,267
1607,1096600,100,348,228
1608,1096720,160,189,230
1609,1097118,199,277,224
1610,1097517,160,503,210
1611,1097816,259,491,218
1612,1098195,100,632,215
1613,1098335,100,649,223
1614,1098494,100,638,210
1615,1099451,119,482,220
1616,1099690,100,482,216
1617,1100388,179,121,244
1618,1100907,259,294,243
1619,1102920,239,314,604
1620,1103319,339,336,504
1621,1104336,140,262,618
1622,1104515,180,517,546
1623,1106429,120,153,616
1624,1108503,160,807,630
1625,1108762,120,907,642
1626,1109460,259,737,696
1627,1109958,139,959,493
1628,1110816,100,863,898
1629,1110975,139,944,775
1630,1111154,159,932,728
1631,1111832,100,969,777
1632,1113009,140,788,586
1633,1113228,100,808,607
1634,1113647,100,869,460
1635,1114046,100,308,482
1636,1116458,219,1081,946
1637,1117494,100,275,226
1638,1117794,140,303,222
1639,1118312,120,907,587
1640,1118770,100,888,572
1641,1119010,120,881,566
1642,1119468,100,722,807
1643,1119608,139,728,793
1644,1121861,100,1037,617
1645,1121980,100,1055,597
1646,1122260,100,935,583
1647,1122638,120,954,600
1648,1123097,160,916,575
1649,1123276,199,923,570
1650,1124054,100,888,551
1651,1124194,120,925,553
1652,1124333,100,1005,507
1653,1124652,160,1043,517
1654,1125250,160,848,485
1655,1125530,100,963,498
1656,1126247,120,458,620
1657,1126766,139,316,488
1658,1127224,100,214,513
1659,1127344,219,186,477
1660,1127822,100,190,453
1661,1128321,100,864,491
1662,1129178,120,476,748
1663,1129377,140,373,194
1664,1130115,100,123,258
1665,1130414,100,524,224
1666,1130534,140,530,229
1667,1130733,140,554,239
1668,1131032,120,637,247
1669,1131232,120,645,253
1670,1131371,140,1129,579
1671,1131770,179,501,692
1672,1132667,100,490,756
1673,1134023,100,486,781
1674,1136136,139,614,242
1675,1136316,140,501,237
1676,1137133,100,647,245
1677,1137412,100,1163,576
1678,1137871,179,613,256
1679,1138429,159,555,191
1680,1139426,159,77,280
1681,1139765,120,152,251
1682,1140024,140,222,202
1683,1140323,120,129,223
1684,1142357,100,207,588
1685,1143374,159,282,732
1686,1143553,100,542,646
1687,1143673,160,533,664
1688,1146085,180,187,556
1689,1146304,180,174,563
1690,1146544,219,176,579
1691,1147142,180,150,581
1692,1147341,319,140,585
1693,1148637,100,169,479
1694,1148896,120,158,441
1695,1149175,100,344,763
1696,1149375,100,342,791
1697,1149953,160,301,805
1698,1150611,100,275,564
1699,1150850,140,229,545
1700,1151289,180,197,544
1701,1151488,279,197,553
1702,1152026,160,188,553
1703,1152246,140,192,557
1704,1153382,100,335,690
1705,1154578,120,287,824
1706,1155954,219,94,203
1707,1156213,160,280,210
1708,1157150,140,313,762
1709,1157948,120,251,606
1710,1159304,119,395,707
1711,1160779,239,303,793
1712,1161836,120,291,802
1713,1162055,100,257,787
1714,1162334,100,220,826
1715,1163072,199,187,716
1716,1164268,100,162,650
1717,1164926,140,83,632
1718,1165285,219,144,557
1719,1165544,100,159,561
1720,1165763,140,108,562
1721,1166441,199,82,671
1722,1166880,120,90,586
1723,1167079,179,87,575
1724,1167857,140,84,507
1725,1168276,120,270,594
1726,1168455,179,253,516
1727,1169272,140,235,508
1728,1169731,120,251,511
1729,1171186,219,165,544
1730,1171565,219,142,514
1731,1172303,140,109,527
1732,1173100,120,335,484
1733,1173718,359,301,497
1734,1174097,119,306,494
1735,1175313,100,390,569
1736,1175752,119,487,553
1737,1176051,120,236,570
1738,1177546,140,463,653
1739,1179022,100,222,286
1740,1180218,100,495,675
1741,1182910,100,399,554
1742,1183189,100,164,714
1743,1183528,179,215,538
1744,1184485,199,531,655
1745,1185561,140,410,648
1746,1186139,120,496,772
1747,1186319,120,491,768
1748,1187036,160,522,621
1749,1187774,140,423,632
1750,1187954,140,427,637
1751,1188512,100,398,663
1752,1188831,179,459,661
1753,1189050,239,454,671
1754,1191223,180,449,776
1755,1191662,139,364,813
1756,1192101,100,172,894
1757,1192460,120,275,807
1758,1193397,120,105,212
1759,1194812,120,295,874
1760,1195410,120,151,801
1761,1196567,120,372,666
1762,1197902,120,229,689
1763,1198740,140,344,554
1764,1199019,180,275,565
1765,1200096,140,239,529
1766,1200694,179,181,571
1767,1201093,120,263,590
1768,1201611,160,139,562
1769,1202787,120,96,202
1770,1203984,100,143,569
1771,1205538,120,948,624
1772,1206177,120,941,541
1773,1207034,140,275,207
1774,1209108,140,963,522
1775,1209287,120,959,524
1776,1209785,160,913,572
1777,1210104,100,918,596
1778,1210563,179,1003,628
1779,1210922,159,1175,552
1780,1211460,120,963,498
1781,1213234,120,722,791
1782,1214391,199,273,648
1783,1214969,100,394,564
1784,1215946,100,722,795
1785,1216265,199,695,805
1786,1216763,160,1090,951
1787,1217342,100,724,845
1788,1218039,179,1044,941
1789,1218239,100,1048,943
1790,1219036,179,165,809
1791,1219495,160,191,643
1792,1223861,100,326,647
1793,1224260,100,269,225
1794,1224380,140,276,201
1795,1225456,120,513,184
1796,1226553,159,648,208
1797,1227749,180,593,203
1798,1227948,120,579,201
1799,1228188,179,637,217
1800,1228447,319,641,209
1801,1229484,139,461,197
1802,1229942,100,635,204
1803,1230102,219,637,201
1804,1230341,179,643,208
1805,1230580,160,645,213
1806,1231138,100,743,213
1807,1231258,159,775,197
1808,1231438,100,650,214
1809,1231916,160,781,226
1810,1232235,259,759,217
1811,1233810,179,548,197
1812,1234089,139,479,203
1813,1234288,100,305,225
1814,1234687,120,82,209
1815,1235246,120,519,208
1816,1236302,180,474,213
1817,1236860,239,482,228
1818,1237199,100,302,222
1819,1237658,120,479,235
1820,1237798,100,482,219
1821,1238057,120,478,237
1822,1238196,199,481,234
1823,1238475,140,662,228
1824,1238655,140,646,244
1825,1239074,120,479,225
1826,1239233,199,286,232
1827,1239891,140,75,257
1828,1240170,160,284,241
1829,1241107,120,276,229
1830,1241785,140,254,760
1831,1244098,120,225,866
1832,1246410,100,209,753
1833,1246730,100,74,776
1834,1248045,259,495,222
1835,1248384,120,634,217
1836,1248524,379,661,233
1837,1249541,160,558,245
1838,1249840,120,565,285
1839,1250179,100,465,515
1840,1250398,120,475,329
1841,1251136,219,85,259
1842,1251834,120,128,257
1843,1252432,160,81,253
1844,1252731,120,129,275
1845,1253329,180,272,231
1846,1253568,120,304,238
1847,1254386,100,492,265
1848,1255761,140,254,870
1849,1256320,100,169,752
1850,1257974,140,429,453
1851,1258512,160,252,451
1852,1261663,100,415,678
1853,1264753,140,452,652
1854,1266707,140,403,697
1855,1267465,179,413,697
1856,1269957,120,458,685
1857,1270375,140,450,674
1858,1272050,100,447,613
1859,1273426,100,506,641
1860,1274164,100,409,666
1861,1276396,160,181,552
1862,1276975,159,107,706
1863,1277453,160,204,712
1864,1279148,239,269,615
1865,1279507,120,300,645
1866,1283454,120,369,715
1867,1289077,120,336,743
1868,1289695,140,256,745
1869,1290273,160,322,736
1870,1291050,120,369,720
1871,1291310,120,381,742
1872,1292087,239,264,733
1873,1293284,140,323,615
1874,1294161,100,189,628
1875,1294739,179,187,614
1876,1295836,100,197,606
1877,1296633,180,264,641
1878,1297430,199,118,538
1879,1298487,120,285,668
1880,1299185,120,361,717
1881,1300461,120,276,703
1882,1300680,159,257,746
1883,1300860,100,255,716
1884,1301039,100,275,639
1885,1306741,120,949,560
1886,1309433,140,819,776
1887,1310230,100,914,589
1888,1310350,100,913,582
1889,1310530,120,943,641
1890,1311048,100,858,640
1891,1311168,180,869,645
1892,1313221,100,947,714
1893,1313361,100,938,721
1894,1314417,140,787,822
1895,1316690,159,866,639
1896,1317368,140,922,705
1897,1318285,100,818,529
1898,1319103,120,320,721
1899,1319242,180,324,738
1900,1319461,160,352,762
1901,1319641,100,360,749
1902,1319760,160,282,669
1903,1320060,140,268,644
1904,1320219,100,261,627
1905,1320618,100,264,649
1906,1320837,179,274,649
1907,1321216,120,192,499
1908,1321475,120,148,498
1909,1321654,239,145,492
1910,1322053,100,148,506
1911,1322452,159,842,528
1912,1322871,120,823,422
1913,1323110,120,639,253
1914,1323250,139,490,235
1915,1323808,140,641,248
1916,1324107,120,651,257
1917,1325662,120,122,288
1918,1327955,120,397,780
1919,1329610,100,364,744
1920,1330028,120,341,762
1921,1330188,159,288,900
1922,1330387,279,231,764
1923,1330806,160,264,645
1924,1331244,179,364,637
1925,1331484,140,372,626
1926,1332042,120,295,637
1927,1332242,140,243,595
1928,1332600,279,246,614
1929,1333079,100,330,776
1930,1333298,159,472,878
1931,1333637,120,536,892
1932,1334056,219,483,884
1933,1334355,199,591,940
1934,1334973,100,796,612
1935,1335112,140,802,630
1936,1335431,100,716,601
1937,1335850,100,781,653
1938,1337784,100,330,735
1939,1338083,139,366,710
1940,1339419,120,492,900
1941,1340077,160,511,895
1942,1340914,140,509,881
1943,1343108,100,1041,591
1944,1343267,179,1058,609
1945,1344563,140,910,503
1946,1345340,120,923,529
1947,1347254,100,694,564
1948,1347394,120,699,551
1949,1347793,120,225,589
1950,1348331,120,364,572
1951,1348670,199,199,498
1952,1349168,319,173,473
1953,1350086,299,179,552
1954,1350404,159,213,556
1955,1350783,179,150,468
1956,1352278,140,458,573
1957,1352678,120,464,566
1958,1352817,140,445,562
1959,1353694,179,869,555
1960,1354292,120,827,475
1961,1354472,120,816,488
1962,1354631,140,811,475
1963,1354811,279,804,469
1964,1355190,299,812,480
1965,1355987,100,832,947
1966,1356166,100,871,991
1967,1356306,160,845,1001
1968,1356485,100,835,992
1969,1357283,179,854,422
1970,1357921,159,800,450
1971,1358100,159,801,463
1972,1358300,279,810,456
1973,1358858,120,763,428
1974,1359077,100,748,426
1975,1359257,100,861,410
1976,1359516,279,838,415
1977,1360114,120,844,401
1978,1360393,140,838,424
1979,1360573,179,890,422
1980,1360852,100,815,404
1981,1361051,339,810,402
1982,1362088,199,877,414
1983,1362467,179,188,495
1984,1362686,100,155,448
1985,1364999,120,1022,637
1986,1365138,100,1030,644
1987,1365537,100,1009,625
1988,1365716,100,994,542
1989,1366016,160,956,564
1990,1366813,179,994,552
1991,1367012,100,996,551
1992,1367650,160,1016,558
1993,1367830,179,1003,559
1994,1368428,179,979,553
1995,1368627,140,980,563
1996,1368787,120,868,549
1997,1369445,120,758,513
1998,1370601,279,1047,551
1999,1371339,120,986,447
2000,1371798,120,196,492
2001,1374628,100,427,589
2002,1375486,100,376,581
2003,1376204,140,372,691
2004,1376662,100,929,642
2005,1377081,180,896,621
2006,1377380,100,898,646
2007,1378197,140,961,687
2008,1379513,179,994,683
2009,1379712,140,998,678
2010,1380052,100,1017,660
2011,1380251,199,1041,658
2012,1380650,100,970,691
2013,1381467,160,1146,523
2014,1382105,139,773,651
2015,1384159,120,793,731
2016,1385036,120,883,792
2017,1385355,120,954,795
2018,1387249,159,385,684
2019,1388784,120,317,841
2020,1392253,100,326,778
2021,1392712,100,324,833
2022,1393928,100,286,905
2023,1396640,100,218,776
2024,1396978,120,229,799
2025,1398813,100,235,814
2026,1399052,140,214,696
2027,1399909,120,360,567
2028,1401146,120,366,557
2029,1402382,180,925,635
2030,1404296,160,1039,545
2031,1404475,100,1168,515
2032,1405412,159,152,705
2033,1406449,100,121,634
2034,1408782,219,171,682
2035,1409140,120,182,688
2036,1409719,100,245,697
2037,1411792,120,288,840
2038,1412211,120,388,882
2039,1412550,100,463,887
2040,1412689,159,458,892
2041,1413048,279,501,886
2042,1414065,219,335,866
2043,1414304,100,339,869
2044,1416039,179,311,811
2045,1416338,100,326,805
2046,1416457,140,293,794
2047,1417095,100,340,712
2048,1417654,120,356,592
2049,1418471,160,363,584
2050,1419069,120,161,777
2051,1419548,140,356,839
2052,1420026,120,381,681
2053,1420585,120,306,567
2054,1420804,140,224,602
2055,1421123,159,284,610
2056,1421681,120,804,625
2057,1421861,179,906,626
2058,1422100,100,862,545
2059,1422598,160,184,619
2060,1423077,120,218,501
2061,1423416,120,229,500
2062,1423615,100,238,519
2063,1424273,100,164,709
2064,1424532,120,132,263
2065,1424851,140,110,238
2066,1425908,140,295,251
2067,1426725,100,185,261
2068,1427204,159,218,730
2069,1427722,100,181,853
2070,1427981,100,235,881
2071,1428420,140,432,906
2072,1428619,140,418,867
2073,1428799,120,899,662
2074,1430334,100,340,869
2075,1431211,120,253,796
2076,1431710,160,207,579
2077,1432208,199,207,579
2078,1432706,120,211,600
2079,1432846,319,213,592
2080,1433584,180,353,606
2081,1434002,120,175,700
2082,1434282,100,148,662
2083,1434640,140,131,629
2084,1434840,120,325,592
2085,1435418,100,511,545
2086,1435897,159,201,567
2087,1436196,120,179,570
2088,1436375,179,182,556
2089,1436594,259,179,575
2090,1438369,120,211,680
2091,1438708,100,227,704
2092,1438827,120,218,703
2093,1438967,139,221,700
2094,1441060,199,311,803
2095,1441399,139,301,792
2096,1442556,120,1017,577
2097,1442815,219,1136,546
2098,1443253,199,719,523
2099,1443493,100,746,536
2100,1443792,139,858,533
2101,1444550,100,987,629
2102,1444789,100,927,649
2103,1445187,160,732,539
2104,1445387,100,731,541
2105,1446284,140,875,659
2106,1446802,120,987,717
2107,1447102,100,952,769
2108,1448318,120,277,873
2109,1449913,120,969,798
2110,1450292,100,296,900
2111,1451248,140,716,533
2112,1451567,120,834,664
2113,1452046,120,839,658
2114,1452784,140,264,712
2115,1453142,100,232,689
2116,1453262,100,230,697
2117,1454259,159,817,635
2118,1455934,299,836,636
2119,1456492,120,810,625
2120,1456632,100,816,634
2121,1457150,180,807,629
2122,1457349,319,816,620
2123,1457947,100,813,623
2124,1458067,100,814,635
2125,1458266,239,970,718
2126,1459283,120,1068,854
2127,1459423,140,1049,876
2128,1459582,180,1125,923
2129,1460380,100,877,683
2130,1460699,100,806,636
2131,1461078,100,791,623
2132,1462414,100,786,600
2133,1462972,239,723,528
2134,1463231,219,707,545
2135,1463729,120,861,545
2136,1464268,140,865,562
2137,1465882,160,911,708
2138,1466261,100,916,663
2139,1467358,100,918,612
2140,1467757,120,1153,533
2141,1469092,120,245,713
2142,1469511,179,246,670
2143,1470508,140,399,566
2144,1470927,179,403,574
2145,1471585,199,468,540
2146,1471983,100,468,548
2147,1472123,180,470,569
2148,1472442,100,476,547
2149,1473519,120,455,670
2150,1474097,100,432,662
2151,1474914,140,430,668
2152,1475173,100,531,664
2153,1475492,160,430,665
2154,1475672,120,433,680
2155,1477067,100,429,725
2156,1477805,139,380,849
2157,1479201,239,854,538
2158,1480596,100,423,774
2159,1481055,180,915,676
2160,1481254,100,906,674
2161,1481394,140,975,631
2162,1482790,179,955,718
2163,1483068,159,951,702
2164,1483806,160,913,706
2165,1484484,139,1096,802
2166,1484664,159,1060,807
2167,1485102,120,956,796
2168,1485342,120,741,643
2169,1485601,140,743,603
2170,1486139,120,464,542
2171,1486837,140,851,549
2172,1487694,120,919,485
2173,1489190,140,509,205
2174,1490625,160,919,639
2175,1491064,100,956,630
2176,1491183,100,929,654
2177,1491303,100,943,648
2178,1492180,160,913,633
2179,1492658,140,1157,537
2180,1492858,100,1151,555
2181,1493396,160,899,643
2182,1494473,120,905,658
2183,1494971,120,933,679
2184,1495151,179,930,674
2185,1495510,120,983,720
2186,1495649,100,1031,758
2187,1496108,219,1009,738
2188,1496507,100,1133,908
2189,1496626,180,1123,902
2190,1496905,120,1103,896
2191,1497204,100,1188,901
2192,1497444,140,1181,921
2193,1498062,159,1071,899
2194,1498301,100,1080,901
2195,1500215,159,991,761
2196,1501013,159,875,631
2197,1503206,100,386,639
2198,1504222,100,926,602
2199,1507014,100,538,708
2200,1507572,279,554,619
2201,1508828,139,434,667
2202,1511759,100,725,512
2203,1513075,279,707,526
2204,1513553,279,735,519
2205,1514171,140,1120,576
2206,1514331,100,1121,556
2207,1514650,100,1138,558
2208,1514789,120,1135,553
2209,1514929,120,1126,559
2210,1515188,180,1104,549
2211,1515926,100,1116,563
2212,1516384,120,1113,565
2213,1516663,140,1106,564
2214,1518737,159,1124,652
2215,1519036,199,1183,635
2216,1519594,100,1138,833
2217,1519873,120,1103,830
2218,1520651,219,847,989
2219,1522066,120,1127,672
2220,1522425,139,1036,653
2221,1524200,100,1002,828
2222,1524738,119,1038,819
2223,1541386,100,561,625
2224,1557635,120,410,767
2225,1557874,100,412,892
2226,1558871,140,542,616
2227,1559668,179,553,642
2228,1559968,120,1020,965
2229,1560366,160,1188,1007
2230,1560546,279,1140,1009
2231,1561922,199,967,676
2232,1562260,120,952,669
2233,1562400,459,952,682
2234,1562878,179,948,669
2235,1563138,179,953,677
2236,1563337,219,952,677
2237,1563596,259,961,684
2238,1563935,219,969,689
2239,1564394,120,1017,679
2240,1564533,179,1017,690
2241,1564752,120,1021,697
2242,1564952,180,1026,686
2243,1565191,239,1028,697
2244,1565590,199,1039,690
2245,1566388,239,490,711
2246,1566746,239,485,708
2247,1567046,120,482,702
2248,1567205,100,478,685
2249,1567783,279,421,553
2250,1568082,179,310,459
2251,1568421,199,285,492
2252,1568680,738,770,458
2253,1569578,419,848,433
2254,1570116,179,902,351
2255,1570534,219,794,368
2256,1570774,140,719,356
2257,1571033,219,683,318
2258,1571272,180,596,216
2259,1571472,100,406,197
2260,1573864,179,290,643
2261,1574063,120,300,623
2262,1574402,100,440,669
2263,1575001,100,487,765
2264,1575180,259,402,871
2265,1575718,219,1023,824
2266,1575977,120,1030,807
2267,1576296,179,851,746
2268,1576596,140,852,777
2269,1576934,159,1050,795
2270,1577293,120,1122,798
2271,1578550,119,1056,634
2272,1578709,140,1060,624
2273,1578868,160,1056,623
2274,1579048,179,1047,641
2275,1579546,100,1043,621
2276,1579666,259,1048,622
2277,1579945,279,1024,561
2278,1580503,159,1050,655
2279,1580882,140,1053,631
2280,1581042,120,1053,636
2281,1581201,120,1042,630
2282,1581580,399,1048,644
2283,1582118,259,1060,630
2284,1582936,339,1056,627
2285,1583992,279,1061,635
2286,1584491,199,1031,640
2287,1585787,379,647,646
2288,1586185,100,653,634
2289,1586584,199,624,638
2290,1587282,419,621,651
2291,1587740,100,637,658
2292,1587980,199,638,663
2293,1588339,139,645,737
2294,1588877,180,640,722
2295,1589535,140,534,715
2296,1589874,100,494,757
2297,1590292,100,393,867
2298,1590412,239,396,861
2299,1591010,199,402,869
2300,1591230,159,389,914
2301,1591788,180,226,686
2302,1592067,180,251,604
2303,1592506,180,379,608
2304,1592924,179,933,647
2305,1593164,120,1029,653
2306,1593303,100,1022,638
2307,1593961,279,1006,527
2308,1594499,100,999,529
2309,1594619,139,998,520
2310,1594818,120,993,527
2311,1594958,180,996,534
2312,1595157,180,1000,520
2313,1595696,159,1001,532
2314,1595915,120,991,529
2315,1596334,100,323,622
2316,1596453,100,413,610
2317,1597012,120,498,706
2318,1597291,140,547,638
2319,1597948,100,549,669
2320,1598666,100,881,562
2321,1599145,120,931,575
2322,1599344,140,1008,529
2323,1599743,100,999,553
2324,1599862,279,1005,546
2325,1600560,179,1009,561
2326,1600760,259,1014,569
2327,1601059,100,1014,564
2328,1601278,299,1043,667
2329,1603412,120,989,553
2330,1603551,100,1015,519
2331,1603990,239,994,552
2332,1604249,120,1009,530
2333,1604468,120,1004,538
2334,1604767,160,991,547
2335,1605006,140,982,532
2336,1605305,120,989,551
2337,1605485,100,1000,539
2338,1605884,139,615,262
2339,1606242,139,931,517
2340,1606462,120,814,443
