1,132,179,828,832
2,352,160,761,513
3,531,120,772,380
4,830,120,774,380
5,970,279,611,479
6,1269,140,612,484
7,1448,179,470,752
8,1947,159,445,723
9,2126,100,447,709
10,2465,100,263,216
11,2624,100,269,221
12,2824,179,94,233
13,3023,179,72,217
14,3242,219,287,219
15,3621,379,432,717
16,4020,199,371,780
17,4239,857,380,848
18,5117,439,373,845
19,5575,379,400,899
20,5974,319,479,913
21,6313,379,554,841
22,6712,439,519,741
23,7170,179,434,721
24,7370,279,436,719
25,7669,758,368,793
26,8446,538,387,889
27,9004,538,431,723
28,9563,359,421,715
29,10121,120,414,651
30,10719,219,425,733
31,10958,538,539,731
32,11517,299,549,787
33,11835,977,538,794
34,12832,319,455,805
35,13171,359,483,739
36,13550,379,469,792
37,13949,140,359,841
38,14108,139,362,809
39,14308,179,289,262
40,14627,160,266,226
41,14906,100,961,609
42,15125,299,907,629
43,15604,299,925,727
44,15943,439,1025,764
45,16401,120,1003,625
46,16541,239,986,657
47,16800,1356,970,659
48,18415,1276,979,666
49,19731,120,999,584
50,19910,279,1034,549
51,20309,120,1094,660
52,20449,399,1069,732
53,20867,778,987,757
54,21665,319,983,750
55,22004,339,899,692
56,22363,180,901,694
57,22602,399,971,754
58,23021,299,953,749
59,23619,100,944,753
60,23738,160,948,749
61,23938,159,1075,703
62,24117,140,1074,644
63,24277,319,1118,642
64,24615,1814,1076,636
65,26450,199,1034,559
66,26709,180,488,703
67,27008,140,1060,573
68,27168,159,1087,538
69,27347,239,1084,547
70,27666,120,921,581
71,27806,140,948,577
72,27965,180,944,577
73,28164,359,900,635
74,28543,259,898,638
75,28822,518,880,639
76,29620,179,892,616
77,30138,758,865,626
78,30936,159,434,783
79,31155,159,470,785
80,31414,499,357,796
81,31933,259,369,845
82,32212,339,397,895
83,32571,518,460,923
84,33109,339,500,905
85,33508,798,577,884
86,34385,538,350,731
87,35003,179,515,718
88,35202,399,459,713
89,35860,120,290,206
90,36020,180,501,197
91,36219,179,458,197
92,36538,179,193,218
93,36738,199,100,214
94,36957,160,76,225
95,37176,299,291,221
96,37515,100,259,262
97,37714,100,255,241
98,37854,459,503,210
99,38332,100,655,216
100,38452,140,635,212
101,38612,160,627,224
102,38891,159,696,204
103,39210,160,768,223
104,39509,160,537,207
105,39808,179,538,219
106,40187,140,604,210
107,40346,738,613,215
108,41223,140,616,202
109,41443,120,609,221
110,41881,160,507,241
111,42081,219,507,238
112,42519,100,437,216
113,42639,120,444,213
114,42898,159,146,240
115,43078,499,71,243
116,43616,140,259,242
117,43935,140,259,225
118,44114,578,269,238
119,44772,100,271,232
120,44992,199,70,244
121,45311,239,481,217
122,45729,120,474,223
123,45969,419,617,235
124,46567,100,607,237
125,46866,279,610,229
126,47264,120,971,613
127,47404,100,999,655
128,47524,120,985,661
129,47683,199,803,606
130,48122,159,1055,539
131,48560,199,390,789
132,48800,399,460,778
133,49278,199,556,800
134,49497,239,478,730
135,49916,219,339,746
136,50155,179,367,828
137,50455,179,355,782
138,50654,319,369,836
139,50993,2791,385,886
140,53844,179,349,806
141,54043,279,303,830
142,54342,219,351,829
143,54581,239,430,803
144,54841,279,380,802
145,55140,379,428,792
146,55539,199,424,786
147,55758,160,449,818
148,56037,239,884,736
149,56296,160,835,712
150,56476,100,806,688
151,56595,120,799,695
152,56735,299,1036,753
153,57094,120,1109,686
154,57293,259,1152,556
155,57612,120,945,524
156,57752,159,946,537
157,57971,140,939,543
158,58270,100,859,563
159,58390,160,815,617
160,58689,180,905,625
161,58888,239,1016,635
162,59207,199,1206,683
163,59426,179,1169,707
164,59626,100,1192,700
165,59765,179,846,688
166,59965,239,852,725
167,60224,199,933,737
168,60523,498,1013,749
169,61041,160,1049,749
170,61320,1077,1025,754
171,62417,279,1023,758
172,62716,538,1029,750
173,63314,120,1174,771
174,63514,239,1122,756
175,63773,339,1138,815
176,64630,179,1096,853
177,64829,598,1072,850
178,65447,259,1010,865
179,65727,179,1010,857
180,65926,379,1055,862
181,66325,598,1053,857
182,67302,977,1034,877
183,68298,199,1027,899
184,68518,239,1091,906
185,68777,199,1024,811
186,68996,219,1072,839
187,69236,379,1101,905
188,69634,120,1079,902
189,69794,279,1032,891
190,70193,100,957,842
191,70312,339,969,832
192,70671,140,974,830
193,70831,738,1047,755
194,71588,379,1137,822
195,72067,319,1229,809
196,72465,419,1078,845
197,72964,479,1132,851
198,73562,100,1039,864
199,73682,259,1008,893
200,73981,439,481,939
201,75157,140,639,470
202,75596,120,618,935
203,75835,199,625,464
204,76094,160,621,404
205,77131,120,636,434
206,77330,259,627,434
207,77689,279,630,445
208,78008,379,627,453
209,78606,160,524,765
210,78786,199,585,690
211,79025,678,476,755
212,79723,578,444,803
213,80321,538,392,818
214,80979,199,481,735
215,81198,259,478,758
216,81477,219,502,714
217,81776,180,540,943
218,81976,339,425,974
219,82334,618,426,976
220,82992,180,357,706
221,83272,299,382,729
222,83610,140,467,721
223,83790,120,449,718
224,84009,199,334,650
225,84229,140,309,647
226,84388,100,296,659
227,84508,160,292,665
228,85425,379,289,646
229,85824,100,287,638
230,86222,179,337,652
231,86422,339,268,705
232,86800,498,267,693
233,87319,957,272,695
234,88296,558,288,758
235,88874,279,376,801
236,89193,558,456,734
237,89791,120,446,674
238,90090,379,338,637
239,90987,120,830,715
240,91147,140,1031,775
241,91366,180,1046,742
242,91566,179,1024,765
243,91765,379,957,829
244,92164,339,998,832
245,92523,259,949,826
246,92862,100,1020,909
247,92981,279,1010,907
248,93300,199,1077,900
249,93519,120,1082,902
250,93659,179,1082,906
251,93858,419,1072,857
252,94357,698,1137,834
253,95075,100,1184,819
254,95194,259,1169,818
255,95473,299,1115,815
256,95812,120,1252,812
257,95952,120,1245,817
258,96091,139,1106,820
259,96251,100,1088,819
260,96371,1176,1103,820
261,97627,399,283,703
262,98045,239,312,768
263,98464,159,387,805
264,98763,160,358,815
265,98962,399,433,789
266,99441,180,424,790
267,100198,319,278,649
268,100537,120,310,645
269,100677,339,334,648
270,101096,179,297,650
271,101295,120,331,650
272,101674,179,331,635
273,101973,199,338,656
274,102232,199,282,679
275,102451,100,256,706
276,102651,439,265,694
277,103169,518,1006,887
278,103707,159,1075,900
279,104066,159,1094,928
280,104246,179,1000,788
281,104445,100,1023,753
282,104565,120,1040,757
283,104704,120,1051,759
284,104864,199,1013,917
285,105103,219,1107,891
286,105402,179,1077,838
287,105601,160,1045,858
288,105801,219,1107,916
289,106040,279,1066,907
290,106439,299,1100,913
291,106758,698,919,945
292,107536,419,1086,914
293,107974,299,1065,935
294,108293,180,1060,936
295,108532,279,1192,919
296,108831,917,1140,921
297,109828,478,1142,926
298,110327,1017,1131,929
299,111364,3170,1123,930
300,114553,558,1160,926
301,115172,140,1264,574
302,115351,837,1271,439
303,116208,120,1265,454
304,116368,179,1250,469
305,116607,219,1250,473
306,116846,160,1251,468
307,117125,219,1246,466
308,117464,319,1075,870
309,117943,339,1104,622
310,118302,100,905,608
311,118601,140,962,999
312,118760,259,1098,976
313,119059,219,967,918
314,119518,459,1260,465
315,119996,199,1267,466
316,120296,219,1238,488
317,120595,837,1255,447
318,121452,219,1259,446
319,121691,419,1241,456
320,122130,359,1245,469
321,122748,718,1029,799
322,123485,299,1075,701
323,123824,1336,1032,979
324,125280,180,1048,657
325,125479,419,1031,645
326,125978,179,969,538
327,126177,279,950,545
328,126496,219,975,608
329,126835,120,1142,599
330,126975,299,1091,600
331,127294,159,1101,576
332,127473,120,1098,585
333,127672,339,1095,585
334,128031,279,1132,577
335,128330,120,1074,652
336,128669,159,1106,623
337,129008,279,1112,631
338,129327,179,868,682
339,129527,259,897,658
340,129806,857,771,745
341,130783,199,1093,608
342,131002,159,1106,572
343,131201,219,901,604
344,131440,120,862,611
345,131680,638,1005,618
346,132378,319,1081,610
347,132736,180,1141,652
348,132976,479,1090,678
349,133474,239,1190,666
350,133733,239,1012,708
351,133992,279,941,714
352,134292,179,1015,717
353,134571,120,894,801
354,134710,259,868,795
355,134989,100,939,792
356,135109,359,1058,804
357,135627,120,792,604
358,135767,180,813,605
359,135966,120,792,543
360,136126,179,794,538
361,136365,199,1072,535
362,136584,180,1115,531
363,136784,159,997,496
364,136963,179,993,504
365,137362,219,1043,498
366,138179,100,441,741
367,138857,279,305,762
368,139156,100,289,760
369,139376,219,374,798
370,139615,319,372,803
371,140273,359,288,647
372,140652,239,331,650
373,140971,160,408,264
374,141409,140,460,213
375,142047,180,516,206
376,142247,100,621,247
377,142406,857,620,235
378,143403,179,624,234
379,143842,120,82,223
380,143981,160,103,163
381,144181,239,190,34
382,144440,120,110,51
383,144659,359,512,285
384,145038,140,510,270
385,145237,379,515,269
386,146035,140,139,261
387,146194,120,92,276
388,146354,299,84,264
389,146673,140,188,263
390,146832,180,277,258
391,147171,100,259,266
392,147430,219,313,249
393,147929,140,89,265
394,148228,120,142,278
395,148427,120,283,264
396,148726,199,80,260
397,148946,120,139,269
398,149344,100,464,250
399,149743,200,600,268
400,149963,159,608,257
401,150222,100,640,252
402,150341,160,595,255
403,150521,239,602,263
404,150780,259,602,255
405,151059,179,608,252
406,151418,100,603,241
407,151737,100,615,259
408,151876,179,616,251
409,152076,219,620,265
410,152415,179,499,302
411,153152,160,92,271
412,153332,199,129,282
413,153810,140,453,262
414,154010,139,257,268
415,154249,100,271,252
416,154369,239,263,217
417,155306,299,67,205
418,155625,259,292,204
419,156203,100,444,535
420,156462,419,417,641
421,157160,239,368,724
422,157419,199,391,606
423,157918,399,436,545
424,158416,199,364,533
425,158855,159,538,523
426,159034,259,498,510
427,159393,279,624,465
428,159752,160,631,460
429,159931,259,565,502
430,160390,179,518,506
431,160589,100,523,499
432,160888,219,634,428
433,161147,399,636,428
434,161746,120,484,463
435,161985,120,479,793
436,162144,140,468,732
437,162304,159,461,720
438,162583,179,457,697
439,162782,239,466,694
440,163181,279,410,834
441,163480,120,466,822
442,163879,319,451,760
443,164278,120,409,965
444,164477,140,365,971
445,164636,518,377,964
446,165294,140,418,969
447,165454,319,421,969
448,165793,319,457,994
449,166192,199,532,764
450,166411,439,472,789
451,167169,140,187,728
452,167328,279,152,728
453,167707,140,237,626
454,167966,139,320,626
455,168185,199,765,973
456,168405,100,838,971
457,168564,140,868,591
458,168763,140,864,609
459,168983,160,649,485
460,169162,120,647,488
461,169461,179,1274,609
462,169760,100,1269,442
463,170020,100,681,428
464,170478,259,1268,431
465,170797,538,1262,440
466,171355,638,1261,450
467,172053,299,721,438
468,172452,179,772,744
469,172671,179,780,733
470,172871,160,737,738
471,173070,259,1057,729
472,173349,179,998,747
473,173548,219,1078,788
474,173788,239,1068,781
475,174087,239,946,879
476,174366,778,1010,984
477,175183,498,939,841
478,175742,179,702,801
479,175981,140,248,595
480,176539,100,304,220
481,176758,159,270,209
482,176938,179,263,203
483,177137,279,71,193
484,178054,180,959,873
485,178274,319,1041,851
486,178613,219,950,876
487,178952,140,1212,478
488,179111,558,1255,434
489,179749,180,800,739
490,179948,239,808,711
491,180247,100,889,622
492,180666,259,870,474
493,180945,180,813,487
494,181145,279,809,491
495,181444,379,815,484
496,181902,160,814,484
497,182082,299,829,479
498,182540,140,817,485
499,182760,159,820,479
500,182939,498,834,466
501,183457,160,849,438
502,183697,120,871,453
503,183836,140,830,476
504,183996,140,847,476
505,184335,279,704,588
506,184753,100,719,665
507,185052,279,749,691
508,185531,199,838,605
509,185770,279,984,612
510,186129,179,1058,590
511,186328,140,1048,607
512,186787,279,1056,644
513,187086,139,1089,940
514,187266,159,987,585
515,187525,299,1052,615
516,187983,120,1226,761
517,188123,100,1257,777
518,188342,219,1209,980
519,188581,180,1119,972
520,188781,339,1082,870
521,189179,179,1152,970
522,189379,399,1145,980
523,189977,199,1105,796
524,190276,120,815,891
525,190416,279,794,903
526,190774,140,1176,720
527,190974,140,1251,489
528,191173,100,1269,431
529,191313,837,1262,446
530,192270,180,1254,468
531,192669,179,1025,579
532,192868,219,1170,868
533,193167,179,1102,695
534,193366,339,1192,591
535,193725,877,1110,608
536,194782,160,1041,809
537,194961,778,1037,957
538,195879,259,1081,645
539,196257,179,1084,440
540,196756,678,1258,441
541,197473,299,1266,442
542,197792,339,1273,441
543,198291,239,1011,463
544,198670,160,878,789
545,199148,239,993,753
546,199607,219,728,734
547,199946,279,721,740
548,200245,139,763,689
549,200404,120,762,674
550,200544,439,762,673
551,201042,100,747,889
552,201162,100,760,875
553,201381,259,803,640
554,201800,120,780,679
555,201979,140,392,683
556,202239,100,388,718
557,202378,379,449,786
558,202797,120,550,768
559,202956,179,510,676
560,203435,199,271,799
561,203654,100,276,796
562,204671,100,461,621
563,204791,199,447,626
564,205229,199,435,640
565,205448,100,380,614
566,205847,179,377,628
567,206186,140,366,721
568,206385,140,118,307
569,206565,100,88,218
570,206685,379,74,213
571,207083,160,73,191
572,207283,179,314,198
573,207542,140,261,211
574,207761,558,352,617
575,208339,199,336,568
576,208579,180,333,565
577,208838,100,333,585
578,208958,219,308,523
579,209237,578,327,525
580,209835,100,373,733
581,209994,339,372,723
582,210373,140,349,725
583,210592,120,365,723
584,210832,199,331,725
585,211051,359,333,718
586,211430,279,338,719
587,211729,379,384,713
588,212726,100,298,567
589,212925,239,275,552
590,213224,139,343,658
591,213463,140,348,668
592,213643,359,420,792
593,214022,319,340,787
594,214361,239,296,852
595,214620,179,295,877
596,214819,299,217,909
597,215238,319,808,782
598,215617,239,819,833
599,215876,179,747,839
600,216075,120,714,935
601,216235,259,728,939
602,216653,139,1058,892
603,216813,279,1063,885
604,217112,518,1062,803
605,217710,578,894,960
606,218308,199,911,933
607,218528,259,996,938
608,218827,259,733,617
609,219106,120,749,622
610,219265,239,795,548
611,219524,159,871,571
612,219803,179,693,679
613,220122,159,731,734
614,220302,100,703,611
615,220441,199,715,585
616,220721,159,783,577
617,221040,140,1163,567
618,221398,319,1071,529
619,221737,199,1076,545
620,221997,179,1145,537
621,222894,120,1061,522
622,223053,179,1061,512
623,223512,100,789,495
624,223631,140,789,485
625,223791,140,837,482
626,224110,359,842,878
627,224489,140,1076,881
628,224648,219,1128,927
629,224887,199,1197,771
630,225107,100,1164,774
631,225226,160,1154,785
632,225406,100,1169,732
633,225525,140,1168,737
634,225685,140,1138,711
635,225844,279,1047,734
636,226183,139,851,835
637,226343,160,801,864
638,226582,279,1112,715
639,226881,219,1033,726
640,227180,120,855,859
641,227320,239,821,854
642,227579,299,949,803
643,227978,219,848,736
644,228277,199,900,666
645,228496,279,831,675
646,229074,179,1134,705
647,229274,239,1122,655
648,229533,319,1062,634
649,229872,299,722,535
650,230470,100,172,219
651,230669,180,59,204
652,231128,140,285,214
653,231706,199,480,211
654,232025,120,559,197
655,232264,100,277,208
656,232404,160,287,211
657,232603,239,473,215
658,233022,179,614,202
659,233261,179,225,226
660,233461,279,81,202
661,234119,140,629,197
662,234278,319,616,211
663,234677,120,211,225
664,234896,120,61,238
665,235155,219,60,175
666,235873,459,442,194
667,236352,279,500,241
668,236830,239,73,204
669,237089,139,312,204
670,237448,100,497,234
671,237568,598,503,222
672,238246,100,209,182
673,238365,179,276,205
674,238565,160,279,212
675,238804,120,256,215
676,238963,120,265,228
677,239103,120,272,224
678,239342,199,276,220
679,239741,379,73,201
680,240140,379,68,222
681,240538,179,278,214
682,241276,199,501,222
683,241695,179,622,224
684,241894,140,639,240
685,242133,199,921,547
686,242472,160,1037,549
687,242971,180,802,431
688,243449,179,688,616
689,243649,199,698,557
690,243868,100,689,480
691,244047,259,729,459
692,244446,199,773,475
693,244665,100,773,466
694,244825,179,743,477
695,245044,179,779,569
696,245303,199,951,533
697,245722,140,737,532
698,245961,140,699,582
699,246161,100,699,585
700,246320,180,893,661
701,246779,179,792,650
702,247218,179,757,473
703,247616,100,992,537
704,247776,120,1035,532
705,247935,299,1066,544
706,248354,339,1074,833
707,248733,180,820,943
708,249052,159,814,948
709,249431,179,1010,859
710,249630,259,1090,936
711,249929,259,1074,851
712,250228,299,883,792
713,250547,179,850,810
714,250806,140,1096,745
715,250966,239,1098,747
716,251225,259,1207,864
717,251504,219,1142,871
718,251843,140,739,468
719,252202,179,730,540
720,252401,140,729,542
721,252561,120,731,541
722,252720,159,700,523
723,253159,180,817,523
724,253458,179,701,453
725,253717,259,758,451
726,254116,100,793,454
727,254235,239,803,457
728,254535,199,801,479
729,254814,179,781,532
730,255631,459,338,786
731,256209,239,311,869
732,256468,239,333,829
733,256728,499,310,830
734,257326,279,233,820
735,257705,698,310,820
736,258522,399,761,501
737,259200,120,756,447
738,259399,299,779,454
739,259898,100,762,451
740,260137,738,754,457
741,261094,199,900,443
742,261393,239,910,426
743,261792,139,733,524
744,261951,120,735,546
745,262230,100,923,519
746,262490,120,762,651
747,263467,179,941,502
748,263786,159,559,257
749,263965,339,660,275
750,264444,199,293,244
751,264663,379,257,228
752,265062,179,296,229
753,265440,180,443,217
754,265640,279,442,211
755,266397,120,904,468
756,266637,180,799,546
757,266876,299,733,657
758,267235,239,793,639
759,267494,120,795,649
760,267773,100,926,532
761,267952,199,786,642
762,268291,120,796,544
763,268750,120,887,509
764,268969,140,971,502
765,269169,239,306,699
766,269468,140,287,736
767,269946,100,402,619
768,270823,199,446,810
769,271043,219,375,771
770,271322,239,304,783
771,271621,239,376,704
772,271880,179,346,667
773,272239,159,259,861
774,272418,199,267,900
775,272817,179,332,782
776,273017,179,334,827
777,273216,120,321,840
778,273356,140,331,837
779,273615,100,247,841
780,273734,558,310,874
781,274412,419,321,866
782,274971,160,359,826
783,275210,100,207,807
784,275329,160,220,805
785,275509,140,218,811
786,275748,160,335,335
787,275927,100,297,250
788,276047,180,295,256
789,276246,439,262,239
790,276705,778,301,239
791,277503,100,296,230
792,277642,160,601,215
793,277941,259,596,214
794,278240,100,596,214
795,278639,160,441,212
796,278938,140,606,230
797,279098,299,610,225
798,279417,180,612,221
799,279636,479,508,275
800,280294,379,275,250
801,280693,120,260,250
802,280832,359,255,242
803,281291,100,320,244
804,281869,120,528,236
805,282008,139,607,229
806,282208,120,618,237
807,282367,180,616,230
808,282567,219,615,235
809,282806,140,615,233
810,282965,319,627,229
811,283324,259,507,275
812,283623,199,504,272
813,283863,239,449,235
814,284162,259,454,239
815,284800,319,75,263
816,285198,379,269,245
817,286016,259,270,249
818,286295,179,60,253
819,286494,100,73,250
820,286913,180,262,238
821,287212,100,73,250
822,287332,877,68,238
823,288249,319,72,246
824,288747,179,341,764
825,288947,159,301,801
826,289126,239,300,858
827,289485,140,495,795
828,290043,159,517,529
829,290223,140,521,536
830,290402,159,465,808
831,290582,179,440,805
832,290781,159,492,731
833,290960,100,480,745
834,291080,179,458,733
835,291279,279,458,736
836,291578,379,388,715
837,291977,279,390,726
838,292276,279,275,740
839,292675,179,478,727
840,292874,479,453,738
841,293373,678,465,738
842,294091,199,462,735
843,294330,618,404,772
844,294968,479,458,837
845,295586,259,397,770
846,295965,479,432,837
847,296682,120,447,715
848,297061,478,425,659
849,297600,139,815,866
850,297779,159,827,848
851,297998,100,691,895
852,298158,379,718,750
853,298557,120,691,763
854,298696,140,904,686
855,298915,279,887,667
856,299214,180,889,673
857,299454,219,1090,788
858,299693,399,1068,857
859,300251,219,782,939
860,300650,199,837,841
861,300969,459,1077,830
862,301647,299,1015,604
863,301986,100,1068,650
864,302305,179,829,436
865,302564,180,830,600
866,302803,159,808,649
867,303042,219,797,664
868,303342,179,828,750
869,303880,160,993,777
870,304059,259,1026,747
871,304558,120,390,233
872,304737,100,307,232
873,304936,279,266,235
874,305455,160,63,252
875,305634,100,56,248
876,305814,100,458,275
877,305953,100,475,269
878,306073,159,464,264
879,306372,259,464,257
880,306791,159,593,238
881,307170,259,576,257
882,307528,239,615,253
883,307867,439,614,249
884,308346,399,616,255
885,308824,120,508,314
886,308964,359,508,295
887,309442,359,328,260
888,309821,139,429,244
889,309981,139,424,261
890,310140,219,263,270
891,310380,319,276,271
892,310858,239,335,224
893,311217,120,327,195
894,311356,100,311,213
895,311556,199,256,218
896,311915,379,67,206
897,312313,279,287,215
898,312772,120,256,209
899,312911,279,275,209
900,313211,179,341,207
901,313609,179,84,216
902,313809,239,79,213
903,314307,100,363,201
904,314506,140,486,200
905,314865,140,588,200
906,315045,299,592,207
907,315364,160,617,193
908,315543,140,611,194
909,315743,538,622,200
910,316400,180,514,262
911,316620,299,506,264
912,316999,180,502,354
913,317198,279,500,235
914,317597,120,359,644
915,317916,100,391,605
916,318035,339,376,613
917,318414,100,406,802
918,318554,239,409,799
919,318893,180,436,827
920,319431,140,284,900
921,319690,279,360,813
922,319989,239,307,760
923,320288,518,496,795
924,320986,180,530,532
925,321385,180,265,527
926,321624,379,288,561
927,322262,219,882,767
928,322601,119,1103,777
929,322980,139,1056,735
930,323259,199,711,732
931,323498,359,698,770
932,323917,219,783,647
933,324176,239,713,706
934,324435,179,725,682
935,324734,219,769,537
936,325034,179,787,438
937,325352,160,1056,892
938,325791,179,1102,844
939,326030,419,848,936
940,326529,140,1017,895
941,326728,120,1059,820
942,327087,100,344,252
943,327207,180,262,247
944,327486,100,269,240
945,327685,199,273,234
946,327984,279,60,235
947,328403,199,58,233
948,329101,279,242,616
949,329400,100,204,657
950,329739,140,187,818
951,329898,239,180,846
952,330197,199,259,878
953,330496,100,309,885
954,330616,498,379,758
955,331194,120,358,794
956,331334,239,405,717
957,331613,359,475,801
958,332091,100,502,552
959,332550,120,222,514
960,332849,160,329,506
961,333088,179,319,492
962,333547,279,266,688
963,334145,180,135,650
964,334604,160,253,729
965,334803,259,300,786
966,335182,239,345,727
967,335680,179,378,792
968,335880,339,326,841
969,336238,120,379,806
970,336378,140,369,808
971,336677,259,905,751
972,336996,140,697,714
973,337195,120,701,683
974,337395,379,732,720
975,337793,319,734,722
976,338132,140,835,643
977,338392,160,1090,557
978,338890,140,863,551
979,339229,199,966,553
980,340106,219,777,528
981,340645,160,1058,545
982,340884,100,1054,553
983,341263,239,1056,553
984,341542,379,1059,546
985,341940,518,1064,547
986,342718,100,1083,490
987,342917,299,1108,549
988,343236,219,1157,533
989,343516,239,1198,579
990,343775,140,1188,596
991,344174,120,899,520
992,344313,140,1110,600
993,344473,120,1118,585
994,344712,100,1160,515
995,344971,299,1033,822
996,345310,239,782,933
997,345569,219,844,847
998,345868,120,1143,838
999,346008,159,1130,839
1000,346227,339,1054,922
1001,346586,159,1076,792
1002,348022,379,699,703
1003,348520,140,751,733
1004,348919,299,699,696
1005,349636,219,734,692
1006,349876,319,729,691
1007,350215,179,693,770
1008,350534,160,672,787
1009,350713,180,681,780
1010,350932,259,686,792
1011,351212,179,682,797
1012,351411,379,684,795
1013,351909,578,681,791
1014,352507,179,679,795
1015,352707,379,691,797
1016,353225,419,689,793
1017,353664,219,709,773
1018,353903,100,695,645
1019,354043,139,713,638
1020,354242,179,723,578
1021,354601,120,651,583
1022,355119,698,853,981
1023,355857,339,732,704
1024,356276,139,666,638
1025,356714,100,743,587
1026,357073,100,824,583
1027,357372,140,749,617
1028,357552,159,719,623
1029,357731,239,727,674
1030,357990,419,751,774
1031,358548,179,783,802
1032,358748,259,783,811
1033,359027,419,826,808
1034,359466,239,764,797
1035,359824,179,762,796
1036,360163,558,834,809
1037,360741,259,880,805
1038,361021,279,880,809
1039,361320,479,825,808
1040,361918,299,741,775
1041,362237,120,754,775
1042,362516,279,726,732
1043,362855,159,753,680
1044,363114,319,714,680
1045,363533,100,755,683
1046,363872,120,782,667
1047,364011,179,785,692
1048,364211,179,848,796
1049,364410,179,822,740
1050,364609,100,763,741
1051,364948,100,768,771
1052,365068,219,794,691
1053,365307,100,793,690
1054,365427,259,782,700
1055,365726,160,790,688
1056,366105,199,876,730
1057,366324,618,877,738
1058,367042,100,775,583
1059,367261,179,789,571
1060,367520,159,828,571
1061,367939,498,755,579
1062,368697,379,766,533
1063,369255,179,712,481
1064,369534,179,716,464
1065,369793,100,707,470
1066,370312,399,687,478
1067,370730,239,690,477
1068,371189,120,703,468
1069,371408,160,699,475
1070,371588,100,690,456
1071,371727,279,697,468
1072,372106,160,694,468
1073,372844,359,687,466
1074,373222,140,673,449
1075,373601,479,701,468
1076,374179,279,698,471
1077,374478,179,697,486
1078,374718,140,692,544
1079,374977,199,781,490
1080,375535,120,853,950
1081,375675,439,882,989
1082,376253,299,667,564
1083,376632,120,664,619
1084,376771,239,682,627
1085,377031,100,680,610
1086,377290,120,871,475
1087,377609,120,839,492
1088,377888,120,1115,484
1089,378047,160,1044,484
1090,378326,239,424,201
1091,378625,239,203,224
1092,378885,239,287,230
1093,379283,219,81,226
1094,379682,180,411,237
1095,380121,439,458,232
1096,380579,100,462,247
1097,380779,179,609,219
1098,381078,698,613,225
1099,381975,279,383,708
1100,382314,239,384,800
1101,382573,199,340,813
1102,382792,159,264,901
1103,383091,259,252,910
1104,383490,160,136,840
1105,383690,160,112,762
1106,383869,140,139,749
1107,384068,239,187,694
1108,384447,160,213,609
1109,384666,279,448,791
1110,384966,120,435,834
1111,385564,479,616,230
1112,386202,140,496,273
1113,386361,180,503,269
1114,386660,120,1209,247
1115,386800,160,1273,215
1116,387258,778,432,239
1117,388455,120,114,200
1118,388614,319,126,227
1119,388953,399,118,227
1120,389551,199,422,241
1121,389770,160,279,263
1122,390010,319,254,258
1123,390349,339,80,263
1124,390747,219,97,253
1125,391086,140,235,261
1126,391405,160,245,256
1127,391665,180,416,245
1128,391964,159,440,238
1129,392342,140,312,240
1130,392502,379,243,245
1131,392941,279,90,254
1132,393618,120,262,574
1133,393898,239,263,856
1134,394157,219,280,910
1135,394396,120,294,898
1136,394536,199,299,882
1137,394815,279,411,770
1138,395134,140,355,811
1139,395393,160,340,804
1140,395592,140,328,806
1141,395752,239,334,806
1142,396051,638,326,807
1143,396888,120,342,746
1144,397028,658,355,804
1145,397845,179,254,784
1146,398324,140,238,742
1147,398842,140,339,709
1148,399580,120,366,813
1149,399919,179,240,712
1150,400218,419,899,784
1151,400676,219,763,850
1152,400916,199,772,877
1153,401135,160,783,946
1154,401314,299,771,908
1155,401653,259,950,924
1156,401932,159,1017,838
1157,402112,219,1042,745
1158,402371,140,1051,742
1159,402550,239,995,856
1160,402810,279,808,821
1161,403109,379,772,833
1162,403527,518,853,892
1163,404106,120,821,783
1164,404245,179,823,784
1165,404464,179,750,786
1166,404744,479,769,830
1167,405262,518,785,767
1168,405820,199,850,797
1169,406458,100,779,701
1170,406618,279,782,810
1171,406917,199,784,820
1172,407136,219,799,870
1173,407375,140,797,871
1174,407555,279,760,948
1175,408412,100,851,768
1176,408611,180,861,800
1177,409130,100,703,494
1178,409489,199,965,760
1179,409708,239,962,767
1180,410047,399,856,782
1181,410505,140,1003,745
1182,410805,120,1049,771
1183,411044,379,1087,764
1184,411502,180,1192,744
1185,412479,738,1195,752
1186,413277,239,1056,769
1187,413576,399,1078,859
1188,414094,259,970,743
1189,414373,120,973,739
1190,414513,439,970,753
1191,415530,379,266,262
1192,415948,120,116,229
1193,416168,239,58,238
1194,416487,140,293,250
1195,416686,279,264,250
1196,417005,100,70,261
1197,417125,120,78,254
1198,417563,279,597,244
1199,417862,180,600,264
1200,418062,339,598,259
1201,418421,259,639,253
1202,418740,259,613,260
1203,419019,479,613,257
1204,419517,179,451,244
1205,419737,120,450,240
1206,419976,259,506,300
1207,420255,159,508,306
1208,420514,279,293,266
1209,421232,160,364,265
1210,421411,120,357,282
1211,421611,120,99,266
1212,421770,120,81,276
1213,421930,159,75,280
1214,422249,160,294,274
1215,422428,299,289,264
1216,422747,140,314,199
1217,422966,140,262,204
1218,423166,180,351,220
1219,423365,120,346,213
1220,423604,319,67,207
1221,424123,160,319,660
1222,424342,140,226,866
1223,424502,160,209,912
1224,424681,219,265,905
1225,425758,1396,237,910
1226,427213,419,245,844
1227,427652,279,170,749
1228,427971,160,351,846
1229,428170,159,342,852
1230,428370,459,183,745
1231,428908,379,183,755
1232,429307,179,180,757
1233,429546,279,183,865
1234,429885,140,176,859
1235,430044,179,191,857
1236,430264,160,359,863
1237,430742,239,934,837
1238,431101,279,992,733
1239,431400,120,961,681
1240,431639,179,899,680
1241,431878,100,836,789
1242,431998,319,872,787
1243,432397,179,1202,805
1244,432596,120,1184,809
1245,432736,219,1194,762
1246,433174,459,1069,881
1247,433733,219,967,980
1248,433972,100,960,989
1249,434131,538,1050,778
1250,434769,139,1184,733
1251,435029,199,1189,720
1252,435268,259,1148,886
1253,435547,279,1100,848
1254,435846,160,955,932
1255,436026,279,876,937
1256,436325,179,849,921
1257,436524,199,846,929
1258,436743,319,919,847
1259,437082,199,927,843
1260,437321,120,918,834
1261,437461,179,934,867
1262,437720,180,888,871
1263,437939,399,1103,844
1264,438358,439,1037,832
1265,438817,399,1184,855
1266,439235,558,1169,886
1267,440332,219,1149,925
1268,440651,199,1123,918
1269,440930,140,923,1104
1270,441229,419,924,1104
1271,441728,179,1132,849
1272,441947,120,1134,887
1273,442086,439,1167,887
1274,442545,120,1198,897
1275,442685,219,1031,844
1276,443123,120,1123,847
1277,443263,439,1136,843
1278,443721,179,914,776
1279,444220,379,255,259
1280,444957,179,66,240
1281,445396,199,264,231
1282,445675,140,270,223
1283,446014,100,90,231
1284,446154,140,88,223
1285,446712,120,286,606
1286,446852,199,272,640
1287,447210,100,330,652
1288,447430,120,250,513
1289,447629,159,216,515
1290,447928,279,189,565
1291,448247,259,398,668
1292,448845,140,460,707
1293,449104,100,359,693
1294,449304,419,442,695
1295,450002,100,298,658
1296,450121,658,287,660
1297,450939,738,296,658
1298,451696,738,270,631
1299,452454,359,263,634
1300,452992,100,264,591
1301,453451,279,279,632
1302,453770,159,263,620
1303,454049,738,273,631
1304,454807,120,266,624
1305,455584,140,336,674
1306,455963,179,248,782
1307,456182,140,256,769
1308,456362,100,252,693
1309,456481,140,249,709
1310,456641,199,295,767
1311,456900,159,325,776
1312,457079,140,361,787
1313,457239,100,360,786
1314,457359,100,320,781
1315,457478,339,318,790
1316,457837,299,318,789
1317,458435,259,355,704
1318,458714,339,347,703
1319,459073,698,343,704
1320,460150,179,346,692
1321,460489,199,270,634
1322,460888,100,242,728
1323,461007,578,247,719
1324,461645,259,236,721
1325,462064,219,276,831
1326,462403,399,321,802
1327,463081,100,489,822
1328,463220,239,492,833
1329,463519,179,484,828
1330,463778,279,379,761
1331,464177,139,371,776
1332,464377,279,355,781
1333,464696,120,285,751
1334,465413,239,366,771
1335,465673,120,365,776
1336,466151,120,340,724
1337,466430,199,286,722
1338,466729,199,295,690
1339,466988,140,302,702
1340,467347,219,244,754
1341,467686,279,474,767
1342,468045,180,438,741
1343,468324,140,508,722
1344,468743,140,484,734
1345,468902,100,484,734
1346,469520,140,487,730
1347,469820,239,448,748
1348,470079,100,453,743
1349,470198,499,490,728
1350,470717,299,483,731
1351,471315,140,500,726
1352,471474,518,477,717
1353,472013,279,444,719
1354,472312,160,436,724
1355,472491,199,466,716
1356,472910,239,466,725
1357,473169,180,467,730
1358,473887,219,433,752
1359,474126,239,427,748
1360,474385,279,417,745
1361,474684,120,426,745
1362,474824,439,389,754
1363,475382,120,368,765
1364,475522,698,383,767
1365,476239,558,398,801
1366,476877,239,386,777
1367,477137,359,443,743
1368,477515,379,414,766
1369,477914,140,359,749
1370,478074,159,360,737
1371,478632,359,597,620
1372,479011,478,489,972
1373,479569,140,504,964
1374,479768,140,494,851
1375,480067,120,528,974
1376,480207,279,522,992
1377,480546,139,338,876
1378,480905,199,409,792
1379,481124,259,382,810
1380,481503,419,221,846
1381,481962,179,172,764
1382,482201,339,197,752
1383,482560,119,123,768
1384,482839,140,136,774
1385,483098,419,795,848
1386,483955,120,899,672
1387,484394,479,802,661
1388,484892,100,804,649
1389,485391,319,908,660
1390,485750,219,900,675
1391,485989,279,891,677
1392,486288,219,888,675
1393,486687,160,905,681
1394,486866,299,895,675
1395,487245,120,992,647
1396,487624,120,902,679
1397,487983,140,900,574
1398,488142,179,900,580
1399,488381,339,899,580
1400,488840,239,891,588
1401,489239,120,923,574
1402,489478,259,898,580
1403,489757,120,900,571
1404,490196,239,894,574
1405,490555,319,900,581
1406,490893,279,898,590
1407,491192,159,898,599
1408,491551,100,887,614
1409,491831,179,877,617
1410,492130,179,887,633
1411,492329,319,974,710
1412,492768,160,1032,748
1413,492947,120,1040,761
1414,493087,359,1031,753
1415,493465,140,1023,751
1416,493725,180,996,753
1417,493924,120,915,803
1418,494123,439,973,858
1419,494761,279,1019,765
1420,495120,199,1074,752
1421,495459,259,983,822
1422,495738,159,997,876
1423,495938,279,915,946
1424,496237,179,839,925
1425,496456,498,920,953
1426,496974,518,888,955
1427,497652,279,930,928
1428,497951,179,942,928
1429,498151,379,899,941
1430,498549,339,943,831
1431,499168,319,944,864
1432,499606,179,957,866
1433,499845,359,990,744
1434,500444,239,1029,700
1435,500762,120,1097,644
1436,500902,279,1084,660
1437,501301,100,1039,654
1438,501540,299,1039,652
1439,501999,179,1000,751
1440,502298,179,1084,665
1441,502497,180,1062,581
1442,502736,199,999,583
1443,503115,179,1060,565
1444,503354,140,1100,538
1445,503633,100,1048,573
1446,503793,239,1043,557
1447,504052,479,1104,544
1448,504551,160,1081,562
1449,504730,100,1077,578
1450,504890,419,1136,678
1451,505328,399,1180,677
1452,505787,299,1160,739
1453,506106,259,1117,753
1454,506525,139,202,766
1455,506804,299,129,779
1456,507422,120,166,760
1457,507561,199,151,748
1458,507781,199,220,743
1459,508099,100,238,860
1460,508458,100,1116,725
1461,508578,199,1121,755
1462,508797,219,1116,762
1463,509056,180,1173,654
1464,509256,219,1187,614
1465,509535,140,1175,616
1466,509694,219,1120,564
1467,509934,100,1119,569
1468,510153,160,1045,543
1469,510532,219,1121,529
1470,511030,180,1063,524
1471,511369,100,522,322
1472,511569,140,231,254
1473,511728,239,274,242
1474,512027,379,274,223
1475,512426,199,532,202
1476,512645,100,608,209
1477,512924,100,294,215
1478,513044,160,271,209
1479,513223,120,256,212
1480,513522,199,575,214
1481,513742,160,606,210
1482,513961,140,614,208
1483,514240,159,610,217
1484,514579,119,608,219
1485,514719,279,618,220
1486,515277,120,516,271
1487,515456,239,503,261
1488,515855,159,277,221
1489,516154,139,260,229
1490,516334,259,270,229
1491,516613,180,289,200
1492,516812,120,368,192
1493,517111,120,283,222
1494,517510,179,54,225
1495,517709,179,86,223
1496,518008,140,84,232
1497,518547,299,252,227
1498,519225,479,255,235
1499,519723,199,243,243
1500,520062,140,278,241
1501,520222,100,273,231
1502,520441,120,78,244
1503,520620,179,76,237
1504,521258,140,193,568
1505,521677,219,236,517
1506,521916,299,248,510
1507,522614,279,110,563
1508,523073,160,188,594
1509,523471,140,81,263
1510,523631,160,70,257
1511,524030,159,83,225
1512,524568,120,241,686
1513,524708,179,193,757
1514,525006,279,234,868
1515,525306,140,414,792
1516,525664,339,375,816
1517,526262,219,472,606
1518,526522,140,382,659
1519,526821,160,472,621
1520,527100,279,448,822
1521,527419,140,460,836
1522,527658,199,443,654
1523,528097,100,941,732
1524,528456,459,967,716
1525,528954,179,953,716
1526,529154,100,1011,720
1527,529453,120,358,212
1528,529592,439,273,248
1529,530051,219,275,228
1530,530529,120,901,729
1531,530669,379,887,787
1532,531167,279,956,719
1533,531466,379,988,716
1534,531885,279,1066,662
1535,532184,180,1138,659
1536,532383,219,1072,674
1537,532623,259,1065,675
1538,532922,319,1083,662
1539,533261,100,974,690
1540,533380,120,960,696
1541,533520,618,1049,663
1542,534158,179,1032,666
1543,534357,379,1073,664
1544,534756,638,990,759
1545,535454,379,980,707
1546,536092,199,1004,712
1547,536331,100,961,703
1548,536451,199,958,716
1549,536770,359,885,780
1550,537148,598,972,715
1551,537946,180,297,778
1552,538165,279,415,780
1553,538464,180,456,843
1554,538883,100,569,633
1555,539162,299,462,611
1556,539740,100,503,607
1557,540239,219,949,705
1558,540638,159,455,841
1559,541335,100,58,292
1560,541555,299,56,296
1561,541874,160,64,264
1562,542053,160,67,262
1563,542332,518,83,243
1564,542890,419,268,216
1565,543429,479,74,227
1566,543947,160,77,224
1567,544126,100,105,229
1568,544525,120,300,222
1569,544665,100,303,216
1570,545143,379,615,212
1571,545622,140,447,191
1572,546080,259,609,224
1573,546360,140,600,240
1574,546519,140,616,218
1575,546838,120,623,235
1576,547077,120,629,232
1577,547217,100,609,245
1578,547376,279,520,287
1579,547795,359,564,267
1580,548234,279,429,226
1581,548632,100,283,251
1582,548772,140,273,251
1583,549948,160,331,260
1584,550128,419,270,245
1585,550746,339,73,257
1586,551105,120,93,253
1587,551424,259,283,256
1588,551703,100,290,256
1589,552261,180,413,806
1590,552460,140,450,848
1591,553058,100,228,500
1592,553417,120,167,591
1593,553577,160,145,598
1594,553776,319,148,596
1595,554215,100,233,600
1596,554454,120,235,622
1597,554654,179,143,596
1598,554853,120,153,600
1599,555591,159,1084,664
1600,555870,100,791,689
1601,555989,139,774,711
1602,556149,179,844,701
1603,556368,100,801,639
1604,556548,120,809,642
1605,556946,299,809,630
1606,557405,140,243,619
1607,557784,140,169,605
1608,558362,459,773,631
1609,558940,219,890,675
1610,559299,120,803,640
1611,559578,140,765,623
1612,559738,199,776,628
1613,559957,159,774,642
1614,560136,100,775,638
1615,560296,259,775,620
1616,560635,339,737,644
1617,560994,199,778,630
1618,561213,139,775,630
1619,561452,100,779,636
1620,561692,140,764,624
1621,561851,319,774,632
1622,562250,179,774,635
1623,562489,120,779,644
1624,562888,199,896,679
1625,563107,399,912,678
1626,563526,319,975,713
1627,563865,299,935,717
1628,564184,618,968,762
1629,564822,120,981,748
1630,565061,299,974,760
1631,565380,459,968,758
1632,565978,379,916,704
1633,566377,180,975,751
1634,566576,917,973,751
1635,567533,319,901,677
1636,568171,239,825,673
1637,568430,140,799,671
1638,568869,199,691,653
1639,569128,219,787,648
1640,569467,100,686,661
1641,569627,120,691,670
1642,570265,140,675,652
1643,570544,359,665,639
1644,571042,160,678,640
1645,571281,160,853,675
1646,571521,180,849,666
1647,572179,140,860,456
1648,572577,160,176,588
1649,572757,100,170,596
1650,572876,179,171,586
1651,573136,160,167,582
1652,573853,100,88,550
1653,574212,598,129,584
1654,574830,159,180,601
1655,575129,100,176,595
1656,575408,100,131,505
1657,576346,100,134,580
1658,576704,180,77,593
1659,577203,319,84,650
1660,577542,159,170,642
1661,577901,179,152,554
1662,578120,180,164,578
1663,578339,140,127,471
1664,578598,100,831,615
1665,578718,180,826,647
1666,579296,140,911,689
1667,579496,279,773,753
1668,579795,239,796,748
1669,580373,100,781,756
1670,580612,299,845,564
1671,581170,618,851,566
1672,581888,598,828,570
1673,582526,159,892,463
1674,582845,159,983,540
1675,583025,179,957,546
1676,583403,159,112,595
1677,583583,140,172,593
1678,583742,180,120,482
1679,584181,179,446,241
1680,584380,179,452,228
1681,584580,219,247,266
1682,585098,100,474,230
1683,585218,200,527,237
1684,585437,140,523,234
1685,585796,259,625,242
1686,586075,399,613,250
1687,586534,120,615,237
1688,586673,100,612,258
1689,586892,100,603,248
1690,587012,100,599,257
1691,587172,239,510,289
1692,587650,259,275,261
1693,587949,100,242,267
1694,588168,140,61,280
1695,588328,120,71,276
1696,588468,120,63,261
1697,588607,339,72,222
1698,589106,299,273,211
1699,589424,140,264,218
1700,589664,120,269,221
1701,589863,180,82,213
1702,590262,100,66,226
1703,590382,100,54,216
1704,591319,100,288,196
1705,591458,140,273,195
1706,591618,120,283,211
1707,591777,259,241,272
1708,592076,518,101,286
1709,592615,239,95,262
1710,593113,100,278,263
1711,593312,199,256,232
1712,593532,180,251,215
1713,593751,1256,68,220
1714,595964,299,320,703
1715,596283,139,363,762
1716,596622,199,255,580
1717,596841,180,249,613
1718,597180,140,275,535
1719,597360,179,472,596
1720,597559,120,480,600
1721,597738,399,237,478
1722,598356,159,241,572
1723,598556,259,217,911
1724,598835,219,218,832
1725,599134,140,432,923
1726,599294,120,466,927
1727,599453,199,563,715
1728,599672,159,565,720
1729,599892,120,398,845
1730,600031,239,398,858
1731,600330,239,484,728
1732,600729,179,434,814
1733,601247,120,198,570
1734,601427,100,269,642
1735,601626,339,321,693
1736,602085,120,146,650
1737,602224,179,315,685
1738,602424,179,309,680
1739,602783,120,298,683
1740,602922,279,315,686
1741,603221,140,327,555
1742,603381,140,315,545
1743,603560,120,318,557
1744,603740,179,365,622
1745,604178,219,385,573
1746,604776,139,381,576
1747,604936,299,390,577
1748,605275,459,412,564
1749,605753,100,402,569
1750,605873,219,294,545
1751,606471,120,346,495
1752,606611,279,373,493
1753,606990,319,440,839
1754,607328,180,444,839
1755,607528,658,445,830
1756,608325,199,364,621
1757,608544,199,365,610
1758,609621,199,363,499
1759,609841,100,360,494
1760,610020,160,389,577
1761,610199,100,394,565
1762,610319,159,385,564
1763,610738,239,346,637
1764,611057,120,331,621
1765,611416,179,334,624
1766,611615,359,379,599
1767,612213,159,368,597
1768,612412,160,366,602
1769,612911,339,266,229
1770,613389,120,248,272
1771,614027,199,72,240
1772,614586,179,320,623
1773,615283,120,310,506
1774,615423,538,318,700
1775,616061,419,301,732
1776,616500,100,300,645
1777,616739,219,300,644
1778,616998,459,296,643
1779,617477,279,349,720
1780,617776,439,349,718
1781,618374,139,451,744
1782,618613,259,350,718
1783,619211,139,469,451
1784,619470,379,487,484
1785,619869,159,492,568
1786,620228,160,107,239
1787,620527,339,70,249
1788,620886,160,82,253
1789,621065,179,70,248
1790,621265,140,203,245
1791,621504,598,257,238
1792,622381,120,65,213
1793,622561,219,279,215
1794,623159,120,871,772
1795,623318,120,879,779
1796,623677,159,844,639
1797,624176,160,179,209
1798,624395,140,88,209
1799,624574,399,68,238
1800,624993,459,62,226
1801,625491,199,278,229
1802,626070,439,921,696
1803,626628,259,1001,690
1804,627206,239,863,772
1805,627505,140,983,700
1806,627704,100,1012,698
1807,628103,279,1012,704
1808,628402,179,1006,744
1809,628602,399,1003,701
1810,629040,279,1026,623
1811,629339,339,1020,632
1812,629698,339,1030,693
1813,630097,538,1076,763
1814,630655,339,1107,653
1815,631293,777,1076,651
1816,632250,618,1101,629
1817,632888,199,1092,633
1818,633108,379,1183,692
1819,633526,279,1109,540
1820,633845,319,1175,534
1821,634184,498,1092,544
1822,634703,179,1085,545
1823,634902,219,1094,632
1824,635281,160,1115,634
1825,635799,179,1214,728
1826,636018,120,1209,721
1827,636158,399,1164,712
1828,636836,160,359,825
1829,637015,199,483,840
1830,637494,140,1005,568
1831,637753,120,1127,523
1832,638092,160,1130,646
1833,638391,120,1105,635
1834,638610,120,1103,635
1835,638750,160,1096,646
1836,638949,319,1007,693
1837,639488,479,901,681
1838,640006,718,352,837
1839,640784,140,365,834
1840,641082,199,333,717
1841,641322,180,283,760
1842,641521,100,290,747
1843,641641,259,329,730
1844,641920,199,363,830
1845,643136,199,427,611
1846,643455,239,504,560
1847,644372,239,353,839
1848,644632,199,349,836
1849,644851,140,316,905
1850,646027,100,315,671
1851,646326,219,318,728
1852,646745,100,272,761
1853,646944,339,330,729
1854,647502,179,346,827
1855,647782,100,319,904
1856,647901,100,316,913
1857,648021,179,385,820
1858,648240,199,924,681
1859,648499,120,1046,565
1860,648639,239,1105,532
1861,648898,140,1162,550
1862,650214,159,1112,644
1863,650393,319,1013,682
1864,650752,259,1115,644
1865,651031,160,1010,692
1866,651290,180,369,845
1867,651490,179,454,630
1868,651789,120,497,552
1869,651929,100,485,546
1870,652048,140,489,558
1871,652287,120,146,281
1872,652467,159,292,253
1873,652646,120,267,252
1874,652786,180,270,251
1875,653205,120,378,219
1876,653364,259,467,218
1877,653683,319,467,218
1878,654022,140,472,235
1879,654182,379,613,206
1880,654580,100,616,211
1881,654700,160,619,218
1882,654979,219,612,221
1883,655298,279,611,211
1884,655697,459,611,224
1885,656175,279,616,237
1886,656474,319,504,282
1887,656873,120,544,251
1888,657172,339,276,229
1889,658010,379,91,246
1890,658667,139,118,246
1891,658827,179,254,226
1892,659166,279,292,238
1893,659485,199,258,241
1894,659764,180,91,239
1895,659963,199,82,243
1896,660183,279,116,228
1897,660880,180,311,553
1898,661080,100,183,616
1899,661339,219,242,630
1900,661738,120,183,535
1901,662077,100,447,598
1902,662196,359,402,616
1903,662974,120,263,698
1904,663213,259,238,628
1905,663572,180,336,732
1906,663791,120,330,727
1907,663971,778,443,836
1908,664768,179,357,777
1909,664988,259,315,744
1910,665267,140,337,844
1911,665426,160,332,833
1912,665606,638,327,834
1913,666303,239,419,681
1914,666603,159,446,589
1915,666882,139,488,561
1916,667061,279,478,568
1917,667360,180,473,558
1918,667560,578,481,562
1919,668178,120,477,562
1920,668357,180,478,574
1921,668596,100,480,563
1922,668716,140,478,558
1923,669154,239,479,586
1924,669414,479,480,580
1925,669992,359,479,588
1926,670371,359,479,582
1927,670750,977,483,591
1928,671746,219,472,584
1929,672066,319,475,583
1930,672404,359,474,577
1931,672843,140,386,609
1932,673042,199,397,605
1933,673262,160,460,572
1934,673840,379,240,621
1935,674298,120,339,597
1936,674578,140,494,568
1937,674956,160,472,566
1938,675156,120,318,594
1939,675295,279,326,582
1940,676173,100,213,609
1941,676352,159,207,602
1942,676850,119,256,621
1943,677189,120,174,586
1944,677329,100,164,620
1945,677449,120,166,616
1946,677708,199,225,702
1947,677927,100,229,608
1948,678047,100,220,623
1949,678445,219,219,625
1950,678984,159,238,622
1951,679323,140,249,638
1952,679741,259,195,613
1953,680120,538,200,709
1954,680838,359,212,714
1955,681217,140,325,659
1956,681376,140,327,649
1957,681536,120,325,644
1958,681815,120,236,641
1959,681954,339,266,659
1960,682672,120,341,659
1961,682931,159,355,647
1962,683210,100,215,745
1963,683330,160,216,726
1964,683609,239,211,731
1965,683868,219,222,672
1966,684207,100,190,574
1967,684327,160,187,584
1968,685344,100,181,593
1969,685463,120,174,608
1970,685842,140,157,587
1971,686022,160,165,618
1972,686301,100,164,606
1973,686580,399,243,632
1974,687098,180,454,844
1975,687896,1675,447,833
1976,689590,239,442,738
1977,689850,319,435,813
1978,690308,199,441,839
1979,690547,120,441,837
1980,691006,140,387,763
1981,691186,478,372,775
1982,691884,119,362,828
1983,692142,259,372,660
1984,692501,199,462,592
1985,692780,259,403,622
1986,693099,279,364,662
1987,693438,140,352,693
1988,693678,120,389,652
1989,693817,239,390,655
1990,694076,419,377,623
1991,694595,199,394,621
1992,695133,179,324,701
1993,695332,120,260,483
1994,695532,219,143,306
1995,695831,120,212,213
1996,695970,179,62,257
1997,696369,379,57,247
1998,696868,279,256,228
1999,697625,120,359,641
2000,697924,718,335,674
2001,698921,140,323,542
2002,699140,180,290,519
2003,699559,239,327,466
2004,699818,319,329,467
2005,700177,618,329,673
2006,701035,259,354,638
2007,701453,139,391,639
2008,701613,140,388,631
2009,701772,359,345,653
2010,702151,259,412,604
2011,702430,199,418,615
2012,702650,837,361,633
2013,703746,219,370,630
2014,704005,279,340,647
2015,704843,160,252,636
2016,705022,279,243,634
2017,705321,159,241,636
2018,705600,299,349,640
2019,705959,120,366,640
2020,706099,139,359,644
2021,706258,160,362,644
2022,706438,139,361,656
2023,706597,140,298,634
2024,706896,120,314,636
2025,707036,239,399,611
2026,707494,179,384,626
2027,707694,419,419,597
2028,708192,179,314,626
2029,708451,279,318,594
2030,708750,120,319,609
2031,708890,100,373,595
2032,709089,279,839,742
2033,709388,140,836,772
2034,709688,139,1002,768
2035,709986,120,900,687
2036,710126,240,1006,762
2037,710485,179,968,768
2038,710684,239,828,752
2039,710983,100,881,678
2040,711103,100,827,656
2041,711223,100,816,672
2042,711442,339,787,670
2043,711801,160,790,666
2044,711980,120,781,679
2045,712180,339,930,674
2046,712678,100,896,665
2047,712977,179,852,603
2048,713176,120,803,661
2049,713376,199,1031,694
2050,713595,120,1003,695
2051,713735,120,1090,650
2052,713874,718,1090,645
2053,714831,199,1091,617
2054,715070,200,981,698
2055,715290,937,977,761
2056,716247,459,1058,767
2057,716845,459,1056,768
2058,717323,180,976,761
2059,717543,359,983,754
2060,717922,578,977,761
2061,718540,259,974,760
2062,718839,159,977,764
2063,719018,538,821,768
2064,720035,120,775,626
2065,720494,558,867,675
2066,721152,1057,854,698
2067,722248,658,890,831
2068,723026,718,901,732
2069,723863,299,925,679
2070,724182,219,922,681
2071,724421,199,920,675
2072,724680,837,921,681
2073,725538,758,896,683
2074,726355,100,866,646
2075,726634,359,849,579
2076,727212,180,883,686
2077,727512,498,931,777
2078,728110,140,899,775
2079,728309,479,819,776
2080,728827,120,806,765
2081,728967,259,800,770
2082,729426,360,864,773
2083,729804,339,841,822
2084,730163,598,862,826
2085,731220,219,251,252
2086,731559,279,77,231
2087,731997,180,276,223
2088,732675,160,902,756
2089,732855,180,992,817
2090,733174,140,830,800
2091,733353,279,755,678
2092,733772,399,829,732
2093,734211,339,873,706
2094,734589,179,1000,746
2095,734789,837,1022,795
2096,735706,119,1068,714
2097,735945,179,1010,717
2098,736144,199,820,555
2099,736503,120,912,661
2100,736743,180,976,690
2101,736942,279,897,635
2102,737241,100,875,704
2103,737381,100,870,720
2104,737500,180,853,736
2105,737899,160,819,733
2106,738078,359,740,647
2107,738457,479,839,790
2108,738976,160,797,697
2109,739354,159,720,642
2110,740092,100,255,253
2111,740232,558,250,233
2112,741209,180,812,811
2113,741528,419,661,884
2114,742046,279,1008,834
2115,742405,479,1036,772
2116,743103,180,1005,534
2117,743302,100,993,545
2118,743501,140,1121,569
2119,743820,120,933,597
2120,744000,100,882,639
2121,744219,120,950,685
2122,744997,119,827,724
2123,745196,199,808,799
2124,745435,319,677,878
2125,745934,100,751,538
2126,746053,179,800,469
2127,746253,319,803,552
2128,746970,120,998,729
2129,747170,180,1019,782
2130,747608,140,1064,765
2131,747768,379,949,787
2132,748167,120,1026,776
2133,748306,439,1018,782
2134,748805,160,1057,715
2135,749084,100,1024,705
2136,749263,479,959,679
2137,749881,160,854,737
2138,750061,179,825,744
2139,750420,159,876,707
2140,750639,199,838,800
2141,750858,139,844,795
2142,751058,120,865,796
2143,751436,160,213,248
2144,751636,159,279,255
2145,751815,279,263,238
2146,752114,180,78,247
2147,752334,877,80,244
2148,753729,259,1031,762
2149,754008,140,1002,696
2150,754308,159,284,777
2151,754567,100,381,815
2152,754686,179,456,701
2153,754986,160,386,587
2154,755265,100,379,628
2155,755404,259,323,617
2156,755843,199,95,203
2157,756062,279,65,251
2158,756361,199,113,240
2159,756979,199,994,806
2160,757478,200,260,221
2161,757697,199,289,252
2162,758156,339,941,763
2163,758534,239,1033,715
2164,758794,179,1067,759
2165,759013,259,803,773
2166,759292,120,818,754
2167,759431,399,841,802
2168,759850,219,845,722
2169,760090,199,809,741
2170,760309,379,681,884
2171,760807,279,1016,816
2172,761286,180,1010,721
2173,761505,279,948,691
2174,761824,139,1004,529
2175,761984,139,1007,525
2176,762203,179,1089,563
2177,762422,259,877,751
2178,762701,100,914,777
2179,762821,259,908,774
2180,763100,160,908,778
2181,763279,120,892,688
2182,763539,120,881,694
2183,763678,120,871,711
2184,763898,319,893,638
2185,764276,140,794,561
2186,764476,120,797,560
2187,764695,379,757,658
2188,765114,279,906,794
2189,765413,259,842,769
2190,765692,1256,851,767
2191,766968,279,863,752
2192,767267,379,894,751
2193,767666,678,849,760
2194,768463,279,932,754
2195,768882,120,936,755
2196,769101,299,1008,757
2197,769420,219,1016,787
2198,769659,778,824,833
2199,770457,279,817,794
2200,770756,379,826,803
2201,771414,339,851,764
2202,771793,180,959,839
2203,771992,239,1015,834
2204,772251,259,944,849
2205,772610,319,1002,791
2206,772949,439,883,774
2207,773408,179,936,753
2208,773786,339,985,749
2209,774145,199,927,746
2210,774365,259,892,752
2211,774744,219,879,759
2212,775042,100,871,637
2213,775442,139,803,539
2214,775641,120,792,556
2215,776039,140,891,777
2216,776239,439,1083,605
2217,776737,179,943,659
2218,777136,219,776,542
2219,777375,140,768,539
2220,777535,239,676,719
2221,777794,219,711,908
2222,778033,279,684,883
2223,778332,120,669,860
2224,778472,139,689,780
2225,778671,160,872,989
2226,778851,339,937,976
2227,779210,219,937,977
2228,779548,179,713,699
2229,779927,179,782,790
2230,780326,140,1051,725
2231,780525,199,1080,658
2232,780824,140,975,685
2233,781024,777,964,694
2234,781821,179,975,688
2235,782041,179,891,558
2236,782958,159,1079,856
2237,783237,279,1161,812
2238,783636,339,1097,756
2239,784034,479,944,778
2240,784533,140,925,715
2241,784692,219,950,688
2242,784991,379,862,735
2243,785390,219,768,767
2244,785649,120,778,761
2245,785789,120,762,854
2246,786467,139,624,201
2247,786646,259,621,202
2248,786985,160,592,222
2249,787244,120,593,223
2250,787523,538,607,241
2251,788221,379,456,249
2252,788660,140,614,249
2253,788839,259,613,250
2254,789118,100,608,239
2255,789477,120,494,286
2256,789617,299,492,291
2257,790075,459,256,248
2258,790614,479,70,259
2259,791232,259,259,266
2260,791770,120,901,617
2261,791970,319,958,687
2262,792548,459,79,259
2263,793405,359,324,604
2264,793864,219,389,613
2265,794162,179,220,648
2266,794422,179,219,673
2267,794661,179,183,513
2268,794960,239,145,608
2269,795259,120,258,798
2270,795399,239,255,758
2271,796077,100,341,489
2272,796356,379,332,485
2273,796794,140,178,234
2274,796954,100,63,248
2275,797074,159,64,251
2276,797293,180,73,258
2277,797572,160,344,480
2278,797751,379,327,493
2279,798170,179,371,474
2280,798409,120,361,459
2281,798549,120,366,481
2282,798688,140,373,479
2283,799247,180,429,596
2284,799446,100,421,603
2285,799566,160,392,577
2286,799805,319,393,590
2287,800264,120,462,704
2288,800403,219,471,695
2289,801041,179,462,711
2290,801539,179,547,614
2291,801799,140,541,596
2292,802118,199,446,716
2293,802895,120,401,619
2294,803254,259,391,631
2295,803533,239,439,703
2296,803792,140,435,702
2297,804111,140,532,611
2298,804510,160,921,849
2299,804789,179,976,781
2300,805128,239,1086,753
2301,805447,160,269,259
2302,806005,299,790,784
2303,806344,139,748,647
2304,806584,179,763,898
2305,806803,219,1036,873
2306,807042,219,996,861
2307,807282,100,1081,758
2308,807541,120,954,772
2309,807680,279,991,858
2310,807979,219,1046,856
2311,808378,399,1009,845
2312,808837,199,1063,580
2313,809056,498,931,673
2314,809634,319,1084,775
2315,809993,219,833,756
2316,810232,100,784,770
2317,810352,179,870,744
2318,810551,259,974,788
2319,810930,319,1079,760
2320,811428,120,752,657
2321,811628,219,907,550
2322,811867,100,1078,541
2323,812126,140,1169,605
2324,812286,120,1156,607
2325,812425,120,1086,590
2326,812565,259,1057,560
2327,812844,698,1061,567
2328,813582,419,1145,610
2329,814020,299,1150,603
2330,814539,160,357,579
2331,814758,160,502,225
2332,814957,140,442,211
2333,815416,120,619,242
2334,815575,120,611,243
2335,815735,558,604,246
2336,816313,279,613,244
2337,816612,139,612,257
2338,817031,160,533,311
2339,817549,139,521,283
2340,817808,100,307,261
2341,817928,180,268,252
2342,818307,239,504,288
2343,818566,219,505,283
2344,818845,339,451,265
2345,819204,139,446,250
2346,819403,199,446,216
2347,819663,279,254,217
2348,820021,598,70,219
2349,820640,239,257,214
2350,821098,199,468,224
2351,821357,219,528,221
2352,821597,100,524,220
2353,821736,160,137,221
2354,821916,459,70,219
2355,822653,279,358,615
2356,823052,120,312,471
2357,823192,179,320,487
2358,823451,379,257,448
2359,824049,100,249,472
2360,824248,239,224,515
2361,824507,120,219,550
2362,824906,219,179,583
2363,825185,180,424,784
2364,825405,159,468,830
2365,825584,239,454,825
2366,825843,140,427,790
2367,826063,159,383,672
2368,826342,120,345,718
2369,826541,219,448,813
2370,826780,279,449,810
2371,827119,120,443,813
2372,827339,339,490,456
2373,827957,120,466,482
2374,828236,179,481,468
2375,828495,179,478,468
2376,828734,179,484,475
2377,829033,319,479,454
2378,829572,239,98,250
2379,830030,339,239,209
2380,830429,140,427,639
2381,830588,120,426,633
2382,830728,140,439,606
2383,831067,100,373,583
2384,831186,120,394,607
2385,831426,179,394,608
2386,831924,179,380,583
2387,832223,239,377,577
2388,832602,100,458,656
2389,832722,239,417,657
2390,832981,100,417,660
2391,833360,179,380,629
2392,834117,139,475,670
2393,834576,239,477,563
2394,834835,219,482,574
2395,835074,439,475,569
2396,835573,120,361,590
2397,835912,219,379,583
2398,836211,179,377,570
2399,836610,179,391,569
2400,836928,199,422,576
2401,837327,259,429,564
2402,837646,140,434,575
2403,837826,199,435,542
2404,838065,120,420,543
2405,838224,219,349,516
2406,838563,219,313,493
2407,838803,179,297,493
2408,839660,120,246,552
2409,839919,259,246,546
2410,840198,120,234,474
2411,840338,199,241,457
2412,840597,100,235,474
2413,840996,120,231,546
2414,841395,100,237,565
2415,841554,120,239,565
2416,841714,199,243,572
2417,842451,160,251,564
2418,842810,179,253,558
2419,843149,140,255,566
2420,843308,180,262,563
2421,843508,259,209,554
2422,843807,179,178,547
2423,844345,140,162,553
2424,844604,140,162,553
2425,844864,120,170,547
2426,845502,100,182,551
2427,845701,120,185,564
2428,845861,120,199,572
2429,846120,598,209,567
2430,846738,100,223,587
2431,846857,120,222,594
2432,847137,140,220,588
2433,847396,319,219,595
2434,847794,1276,238,588
2435,849090,180,212,579
2436,849330,459,273,509
2437,849808,160,325,511
2438,850087,199,291,566
2439,850307,100,269,582
2440,850426,399,244,579
2441,850845,120,231,559
2442,851004,100,244,573
2443,851224,399,231,579
2444,851642,160,232,583
2445,852400,160,351,581
2446,853816,100,143,565
2447,853975,279,84,502
2448,854294,160,118,510
2449,854513,259,181,587
2450,854992,160,217,550
2451,855291,199,290,440
2452,855769,140,411,451
2453,856009,100,560,459
2454,856288,159,503,447
2455,856627,120,859,820
2456,856786,379,854,756
2457,857285,219,969,789
2458,857524,419,978,858
2459,857982,319,969,862
2460,858461,239,1025,590
2461,858720,319,1056,563
2462,859059,140,1062,569
2463,859338,359,1049,566
2464,859837,199,1051,568
2465,860056,857,1047,563
2466,860973,219,1040,566
2467,861252,259,1036,569
2468,861571,100,1041,563
2469,861691,120,1053,561
2470,861910,139,1051,565
2471,862130,319,1078,509
2472,862628,179,1175,550
2473,862907,199,1213,640
2474,863146,239,1101,597
2475,863445,299,985,938
2476,863764,319,960,983
2477,864323,120,407,181
2478,864502,140,272,243
2479,864741,160,277,189
2480,864961,199,258,220
2481,865499,758,1066,655
2482,866276,160,979,600
2483,866655,199,989,601
2484,866954,180,1061,696
2485,867154,179,1145,730
2486,867453,299,1057,577
2487,868210,319,917,607
2488,868549,100,924,607
2489,868769,180,788,658
2490,869048,140,806,686
2491,869247,179,845,821
2492,869446,339,831,868
2493,869805,120,787,874
2494,870204,299,818,811
2495,870523,458,820,806
2496,871002,817,824,700
2497,871839,439,828,691
2498,872298,120,832,697
2499,872437,538,831,692
2500,872995,399,870,703
2501,873414,160,991,779
2502,873833,100,1087,830
2503,873952,199,1151,867
2504,874750,219,857,785
2505,875009,160,934,769
2506,875288,538,928,746
2507,875886,199,837,759
2508,876106,199,805,763
2509,876325,339,747,726
2510,876684,279,727,781
2511,876983,100,747,781
2512,877362,219,859,668
2513,877621,199,837,668
2514,877840,139,919,659
2515,878438,219,1086,896
2516,879056,259,261,218
2517,879734,120,455,194
2518,879934,479,75,227
2519,881050,120,842,748
2520,881190,319,839,768
2521,881588,120,1067,891
2522,881728,160,1093,907
2523,882007,160,305,803
2524,882187,100,501,866
2525,882406,259,602,600
2526,882825,140,293,698
2527,882984,279,261,751
2528,883283,279,501,880
2529,883582,299,451,888
2530,883901,259,580,891
2531,884579,618,585,615
2532,885297,259,210,714
2533,885596,419,173,773
2534,886074,279,275,760
2535,886374,279,194,809
2536,886673,319,209,709
2537,887071,100,404,1009
2538,887191,379,439,961
2539,887709,259,209,245
2540,888008,140,62,266
2541,888168,479,60,222
2542,888806,140,232,225
2543,889264,100,553,613
2544,889584,139,472,879
2545,889783,100,295,542
2546,890022,139,343,557
2547,890202,159,162,791
2548,890580,299,113,756
2549,890899,279,208,755
2550,891198,319,136,804
2551,891577,299,421,885
2552,891896,319,528,888
2553,892275,519,821,750
2554,892813,239,885,777
2555,893092,319,1080,900
2556,894050,339,866,775
2557,894448,120,994,609
2558,894688,140,989,583
2559,895046,179,979,593
2560,895365,160,501,683
2561,895565,100,555,604
2562,896043,299,394,873
2563,896362,199,540,891
2564,896582,199,502,886
2565,896841,319,139,800
2566,897180,339,110,713
2567,897539,219,105,751
2568,897778,299,226,739
2569,898137,100,139,793
2570,898356,219,103,795
2571,898735,299,270,250
2572,899054,419,273,218
2573,899532,180,493,206
2574,899871,339,619,195
2575,900230,239,622,192
2576,900529,100,632,192
2577,900968,100,577,229
2578,901147,180,583,230
2579,901346,459,611,224
2580,901825,379,607,226
2581,902224,239,495,257
2582,902483,219,498,260
2583,902722,180,495,261
2584,902922,319,276,252
2585,903560,399,97,275
2586,904118,239,170,200
2587,904377,319,139,202
2588,904716,199,279,204
2589,904935,159,240,196
2590,905115,120,239,192
2591,905773,199,532,165
2592,905992,219,537,166
2593,906371,120,1241,205
2594,906770,678,40,260
2595,907527,638,37,226
2596,908185,598,47,229
2597,908803,239,113,249
2598,909102,459,284,227
2599,909601,837,83,220
2600,910677,199,136,270
2601,910896,439,114,263
2602,911475,100,119,221
2603,911854,120,264,230
2604,911993,359,268,223
2605,912531,199,286,454
2606,912930,379,344,576
2607,913588,259,234,651
2608,913927,120,147,687
2609,914067,180,163,717
2610,914326,578,232,749
2611,914984,459,118,765
2612,915462,518,130,788
2613,916559,299,96,694
2614,916918,1456,161,835
2615,918473,279,182,733
2616,918892,159,194,738
2617,919071,279,199,743
2618,919450,100,293,801
2619,919569,359,263,812
2620,919948,319,150,828
2621,920487,100,841,613
2622,920666,100,877,593
2623,920786,219,816,683
2624,921085,160,794,557
2625,921324,179,787,559
2626,921563,120,779,567
2627,921762,598,740,576
2628,922381,359,745,582
2629,922759,179,753,581
2630,922959,299,742,584
2631,923278,319,705,560
2632,923696,139,710,550
2633,923856,319,698,535
2634,924195,339,756,634
2635,924554,379,689,631
2636,924952,120,787,503
2637,925092,199,788,502
2638,925391,159,839,942
2639,925571,558,934,979
2640,926448,179,731,561
2641,926647,239,735,515
2642,927086,139,736,502
2643,927405,179,1253,837
2644,927644,100,1252,637
2645,927824,100,1252,635
2646,928003,279,1263,451
2647,928302,399,1258,450
2648,928800,239,1253,449
2649,929100,379,770,487
2650,929498,140,805,779
2651,929698,180,821,682
2652,930176,359,827,687
2653,930615,219,212,786
2654,930874,219,275,807
2655,931113,120,257,803
2656,931313,279,274,805
2657,931612,180,206,811
2658,931811,319,267,811
2659,932210,578,207,758
2660,932808,179,181,737
2661,933007,439,219,755
2662,933466,339,181,769
2663,933825,479,167,824
2664,934323,179,234,811
2665,934523,120,161,827
2666,934702,199,848,731
2667,934921,558,798,790
2668,935499,180,819,777
2669,935699,179,875,845
2670,935998,279,792,775
2671,936297,279,869,774
2672,936616,279,799,769
2673,936935,638,830,669
2674,937693,199,782,757
2675,937912,259,815,767
2676,938590,578,255,213
2677,939188,139,257,215
2678,939447,618,72,226
2679,940284,618,74,229
2680,940922,2093,78,270
2681,943036,479,87,277
2682,943853,120,858,735
2683,943993,638,830,688
2684,944731,279,190,764
2685,945030,199,169,679
2686,945249,219,299,648
2687,945528,239,211,821
2688,945787,1117,269,813
2689,947023,100,797,755
2690,947143,219,828,690
2691,947582,100,260,215
2692,947701,179,266,274
2693,947960,159,270,282
2694,948439,459,197,277
2695,948977,319,189,284
2696,954041,179,101,278
2697,954281,120,80,295
2698,954540,100,240,275
2699,954659,159,242,286
2700,954839,100,253,288
2701,954978,259,245,295
2702,955258,180,95,277
2703,955457,159,90,297
2704,955656,159,267,286
2705,955995,140,77,295
2706,959943,179,307,282
2707,960142,399,260,284
2708,960661,239,280,294
2709,962734,140,820,735
2710,962894,199,850,778
2711,963113,199,729,792
2712,963332,379,715,798
2713,963731,638,768,799
2714,964389,140,861,847
2715,964548,419,803,784
2716,964987,120,871,787
2717,965585,120,729,750
2718,965884,259,143,811
2719,966163,239,177,832
2720,966422,219,277,817
2721,966682,160,168,703
2722,966881,419,206,743
2723,967360,479,122,763
2724,967878,558,218,760
2725,968456,119,143,772
2726,968596,100,151,777
2727,968715,139,171,817
2728,968895,598,230,775
2729,969513,817,141,832
2730,970350,279,126,804
2731,970649,678,193,742
2732,971347,399,170,810
2733,971846,179,908,817
2734,972045,339,852,859
2735,972404,259,770,849
2736,972703,319,773,911
2737,973042,180,861,790
2738,973241,179,859,857
2739,973460,558,901,767
2740,974039,199,824,776
2741,974258,778,873,767
2742,975135,339,827,688
2743,975753,120,777,791
2744,976292,159,731,792
2745,976471,279,794,802
2746,976770,459,783,910
2747,977428,160,821,710
2748,977847,179,866,905
2749,978146,100,992,673
2750,978704,219,975,662
2751,978943,179,955,768
2752,979143,259,914,778
2753,979422,160,860,765
2754,979601,578,807,773
2755,980199,339,890,764
2756,980558,219,940,779
2757,980837,140,939,773
2758,981017,558,842,856
2759,981595,279,963,862
2760,982093,678,834,686
2761,982811,180,717,762
2762,983010,180,729,790
2763,983210,299,780,791
2764,983549,319,783,906
2765,983928,339,788,898
2766,984286,179,859,906
2767,984586,299,833,972
2768,984984,199,838,977
2769,985224,139,1121,901
2770,985383,120,1092,893
2771,985523,738,1081,903
2772,986280,279,1087,915
2773,986579,179,1089,890
2774,986779,159,1085,823
2775,987197,100,1059,823
2776,987317,180,872,867
2777,987516,758,918,862
2778,988314,299,911,849
2779,988633,459,895,756
2780,989410,100,876,759
2781,989530,1057,882,771
2782,990607,199,797,684
2783,990846,339,685,828
2784,991225,259,805,875
2785,991643,239,1034,992
2786,991903,179,899,940
2787,992102,439,818,879
2788,992561,160,935,926
2789,992800,199,809,908
2790,993039,180,998,758
2791,993238,638,1042,693
2792,993896,179,849,779
2793,994096,179,808,803
2794,994295,140,871,784
2795,994455,917,852,782
2796,995392,479,968,714
2797,995890,479,1021,642
2798,996488,698,1035,591
2799,997286,120,1113,645
2800,997445,160,1147,644
2801,997625,240,1122,637
2802,997884,179,1123,649
2803,998083,279,1118,644
2804,998382,977,1018,692
2805,999379,379,952,676
2806,999778,877,937,676
2807,1000695,160,936,682
2808,1000874,179,970,625
2809,1001074,179,841,728
2810,1001273,299,831,674
2811,1001592,160,820,670
2812,1001772,199,819,676
2813,1002290,399,864,665
2814,1002709,598,1006,758
2815,1003566,1037,993,734
2816,1004623,179,971,801
2817,1004982,259,1133,717
2818,1005261,239,1044,659
2819,1005520,120,1038,650
2820,1005659,180,1084,649
2821,1005859,179,910,759
2822,1006098,140,301,707
2823,1006278,259,220,720
2824,1006716,140,536,602
2825,1006955,219,521,614
2826,1007195,180,527,607
2827,1007414,538,526,607
2828,1008212,319,271,643
2829,1008610,219,204,662
2830,1008849,180,206,757
2831,1009049,339,112,714
2832,1009507,140,121,803
2833,1009946,120,186,911
2834,1010146,498,488,984
2835,1010783,140,981,665
2836,1010963,160,936,698
2837,1011142,299,941,747
2838,1011461,180,1041,755
2839,1011920,100,328,879
2840,1012040,239,518,889
2841,1012299,2034,482,815
2842,1014731,140,477,943
2843,1014891,977,454,974
2844,1015907,120,483,864
2845,1016306,120,467,765
2846,1016486,100,472,775
2847,1016605,1456,477,810
2848,1018081,139,475,811
2849,1018539,419,457,745
2850,1018998,419,376,735
2851,1019436,419,452,865
2852,1019875,239,435,755
2853,1020154,160,489,991
2854,1020334,498,501,988
2855,1020972,179,465,761
2856,1021231,180,1189,1025
2857,1021490,219,1240,1024
2858,1022008,678,400,856
2859,1022945,459,469,712
2860,1023424,339,344,717
2861,1023882,180,488,521
2862,1024122,199,485,517
2863,1024640,120,483,527
2864,1024899,279,498,690
2865,1025218,140,488,684
2866,1025378,219,476,651
2867,1025617,140,471,649
2868,1025776,379,470,646
2869,1026315,479,470,651
2870,1027013,100,490,623
2871,1027212,379,464,617
2872,1027690,100,476,655
2873,1027810,279,473,655
2874,1028368,179,927,758
2875,1028568,399,876,845
2876,1029066,140,446,605
2877,1029266,299,477,637
2878,1030003,199,476,651
2879,1030302,140,471,643
2880,1030661,339,466,648
2881,1031817,299,469,622
2882,1032136,299,468,623
2883,1032475,219,466,617
2884,1032874,159,496,597
2885,1033074,219,492,594
2886,1033313,179,463,584
2887,1033512,120,465,593
2888,1033672,120,464,585
2889,1033911,100,508,537
2890,1034030,179,487,541
2891,1034270,279,482,539
2892,1034609,578,485,544
2893,1035207,379,478,582
2894,1035705,219,475,569
2895,1036044,140,476,560
2896,1036224,100,480,564
2897,1036343,638,537,536
2898,1037141,139,476,595
2899,1037320,179,451,599
2900,1037659,219,454,609
2901,1037998,120,471,602
2902,1038237,339,432,608
2903,1038596,100,600,615
2904,1038716,160,619,604
2905,1039115,100,348,657
2906,1039234,259,376,663
2907,1039513,100,342,604
2908,1039892,140,933,846
2909,1040211,120,1112,743
2910,1040351,120,1076,743
2911,1040550,499,1159,728
2912,1041088,180,1222,736
2913,1041487,160,430,781
2914,1041667,359,469,787
2915,1042145,120,946,810
2916,1042285,239,962,827
2917,1042564,459,1044,830
2918,1043042,179,1013,829
2919,1043242,379,1087,834
2920,1043640,180,1153,832
2921,1043840,798,949,831
2922,1044737,439,879,841
2923,1045235,179,1075,836
2924,1045455,199,897,867
2925,1045734,140,956,901
2926,1045893,319,1004,909
2927,1046252,180,911,899
2928,1046452,538,837,871
2929,1047149,219,877,848
2930,1047409,160,721,792
2931,1047588,778,840,821
2932,1048386,299,975,836
2933,1048704,459,1007,832
2934,1049183,140,825,881
2935,1049382,498,782,936
2936,1049901,359,803,932
2937,1050738,279,724,987
2938,1051097,379,473,854
2939,1051496,120,366,731
2940,1051655,638,467,787
2941,1052313,259,443,797
2942,1052592,299,472,800
2943,1053031,439,601,636
2944,1053689,299,344,743
2945,1054407,279,890,867
2946,1054706,120,811,856
2947,1054845,977,764,840
2948,1055842,179,803,840
2949,1056081,279,480,913
2950,1056380,180,322,685
2951,1056580,499,378,659
2952,1057338,319,863,760
2953,1057676,419,792,784
2954,1058115,239,841,779
2955,1058374,179,1014,842
2956,1058574,180,974,836
2957,1058773,339,959,905
2958,1059132,259,870,858
2959,1060587,259,786,885
2960,1060866,379,789,927
2961,1061285,160,856,821
2962,1061464,140,809,814
2963,1061624,239,780,785
2964,1061883,179,821,782
2965,1062083,319,868,749
2966,1062461,239,813,931
2967,1063239,518,453,804
2968,1064076,399,441,791
2969,1064495,120,480,773
2970,1064934,100,408,299
2971,1065073,399,263,265
2972,1065492,259,265,193
2973,1065851,219,213,153
2974,1066150,159,226,229
2975,1066329,179,224,222
2976,1066529,179,356,212
2977,1066987,100,365,213
2978,1067147,897,81,214
2979,1068164,199,271,207
2980,1068682,219,1116,669
2981,1068961,299,933,581
2982,1069280,179,960,679
2983,1069479,778,1029,689
2984,1070277,299,1100,730
2985,1070596,499,1160,736
2986,1071114,359,1232,740
2987,1071493,618,1113,742
2988,1072171,120,1104,628
2989,1072310,558,1137,626
2990,1072889,359,1082,587
2991,1073287,120,1073,595
2992,1073427,239,1114,616
2993,1073866,339,1117,570
2994,1074224,219,1215,516
2995,1074484,219,1032,729
2996,1074723,120,980,756
2997,1074882,179,1010,775
2998,1075082,359,984,780
2999,1075461,498,996,765
3000,1076039,219,400,664
3001,1076358,179,600,614
3002,1076557,419,598,627
3003,1077275,100,370,592
3004,1077674,140,211,552
3005,1078072,179,176,458
3006,1078332,319,175,727
3007,1078770,100,189,613
3008,1078950,160,126,501
3009,1079129,120,115,531
3010,1079388,219,229,543
3011,1079628,219,222,536
3012,1079966,120,224,538
3013,1080286,100,542,610
3014,1080565,219,459,996
3015,1080804,798,580,976
3016,1081781,100,595,567
3017,1081960,199,611,564
3018,1082180,658,633,449
3019,1082858,100,629,449
3020,1082997,140,625,444
3021,1083157,100,342,480
3022,1083276,100,339,548
3023,1083555,179,346,849
3024,1083755,119,345,933
3025,1083954,778,482,983
3026,1084752,399,244,880
3027,1085190,140,627,705
3028,1085350,778,572,762
3029,1086207,139,528,708
3030,1086366,758,533,761
3031,1087164,379,1028,760
3032,1087642,120,1059,574
3033,1087782,239,1107,534
3034,1088061,219,397,712
3035,1088300,259,543,759
3036,1088599,319,535,760
3037,1088958,618,388,783
3038,1089596,319,410,770
3039,1090035,139,300,563
3040,1090234,100,311,598
3041,1090354,259,266,555
3042,1090633,139,279,564
3043,1090832,200,290,556
3044,1091151,120,283,560
3045,1091431,219,288,558
3046,1091690,159,286,555
3047,1091949,120,259,538
3048,1092089,977,258,550
3049,1093125,419,215,547
3050,1093564,538,179,553
3051,1094122,199,130,652
3052,1094342,259,172,650
3053,1094820,100,123,638
3054,1094940,578,160,654
3055,1095637,279,139,668
3056,1095936,160,132,664
3057,1096216,199,1136,557
3058,1096435,319,1148,598
3059,1096774,219,1103,525
3060,1097033,179,1216,709
3061,1097232,279,1166,708
3062,1097771,100,172,646
3063,1097910,678,126,641
3064,1098608,459,185,659
3065,1099286,160,210,641
3066,1099465,419,163,657
3067,1100163,379,1214,712
3068,1100562,399,1150,616
3069,1100981,219,1136,607
3070,1101260,179,1166,614
3071,1101459,219,1169,611
3072,1102097,259,74,587
3073,1102376,179,321,742
3074,1102576,279,304,723
3075,1102875,678,269,603
3076,1103712,159,354,587
3077,1103991,259,269,588
3078,1104669,139,1053,594
3079,1104828,160,1168,594
3080,1105028,319,1140,608
3081,1105367,239,1087,528
3082,1105686,199,1090,529
3083,1105965,219,399,690
3084,1106204,179,405,682
3085,1106523,578,388,732
3086,1107361,180,1214,716
3087,1107560,339,1167,711
3088,1107919,359,1132,604
3089,1108318,319,1038,694
3090,1108657,778,1005,606
3091,1109454,279,991,603
3092,1109853,279,988,604
3093,1110411,638,941,532
3094,1111069,219,975,514
3095,1111348,179,1030,502
3096,1111627,179,371,733
3097,1111846,140,374,732
3098,1112106,718,370,736
3099,1112863,818,326,686
3100,1113701,379,345,724
3101,1114100,479,347,723
3102,1114598,399,322,708
3103,1115136,558,306,702
3104,1115714,199,346,721
3105,1115994,179,416,715
3106,1116193,199,455,706
3107,1116452,120,513,702
3108,1116871,160,905,704
3109,1117070,259,386,719
3110,1117369,219,449,704
3111,1117708,120,361,697
3112,1117908,179,457,713
3113,1118147,339,300,798
3114,1118645,100,351,803
3115,1118944,439,1016,773
3116,1119403,977,863,754
3117,1120400,279,840,674
3118,1120699,219,885,668
3119,1121098,279,945,673
3120,1121417,219,1036,546
3121,1121855,239,1013,605
3122,1122134,179,959,682
3123,1122334,100,1032,681
3124,1122553,339,844,673
3125,1122992,219,883,619
3126,1123231,160,1003,697
3127,1123410,459,1038,697
3128,1123889,219,936,680
3129,1124128,459,943,681
3130,1124607,319,919,688
3131,1124945,419,935,682
3132,1125404,160,865,778
3133,1125604,120,881,798
3134,1125743,239,914,796
3135,1126002,160,862,758
3136,1126222,160,862,761
3137,1126401,120,856,757
3138,1126540,239,860,662
3139,1126800,160,856,675
3140,1126979,140,857,657
3141,1127278,100,1040,687
3142,1127398,219,1044,698
3143,1127637,379,1030,688
3144,1128036,120,1020,608
3145,1128175,239,1014,603
3146,1128434,219,997,598
3147,1128674,279,995,601
3148,1128973,120,1059,545
3149,1129112,279,1071,532
3150,1129511,140,989,605
3151,1129770,339,998,610
3152,1130169,279,465,705
3153,1130508,179,534,751
3154,1130767,140,446,594
3155,1130967,100,443,588
3156,1131166,279,507,605
3157,1131465,120,305,640
3158,1131605,140,307,648
3159,1131764,100,306,643
3160,1131904,239,394,709
3161,1132163,479,521,789
3162,1132761,339,431,864
3163,1133200,100,298,796
3164,1133558,180,443,867
3165,1133758,279,389,868
3166,1134057,199,482,870
3167,1134296,738,287,806
3168,1135253,239,953,495
3169,1135552,140,931,568
3170,1135752,140,934,561
3171,1135911,139,940,554
3172,1136071,100,1019,563
3173,1136190,100,1024,559
3174,1136350,319,1045,625
3175,1136768,120,886,560
3176,1136968,120,867,552
3177,1137107,219,866,543
3178,1137386,140,949,554
3179,1137785,179,838,537
3180,1137985,179,823,529
3181,1138344,279,817,534
3182,1138702,120,834,620
3183,1138842,379,797,631
3184,1139380,299,814,584
3185,1139739,279,772,580
3186,1140038,299,827,575
3187,1140437,179,880,641
3188,1140656,299,884,642
3189,1141055,159,862,537
3190,1141294,179,861,540
3191,1141633,100,398,714
3192,1141753,100,399,707
3193,1142012,100,803,542
3194,1142132,479,801,549
3195,1142630,100,780,492
3196,1142750,379,767,502
3197,1143188,718,790,517
3198,1143966,339,837,511
3199,1144325,179,870,541
3200,1144544,459,442,557
3201,1145022,100,431,596
3202,1145162,140,440,617
3203,1145322,179,430,612
3204,1145720,120,432,722
3205,1145860,239,355,711
3206,1146219,199,499,708
3207,1146438,159,471,771
3208,1146717,479,544,778
3209,1147316,478,404,861
3210,1147814,120,442,862
3211,1148013,239,294,643
3212,1148272,239,309,632
3213,1148532,100,362,639
3214,1148751,140,444,599
3215,1148910,100,436,609
3216,1149030,160,443,611
3217,1149229,159,402,599
3218,1149628,160,342,706
3219,1149808,578,319,623
3220,1150605,439,304,796
3221,1151104,179,358,813
3222,1151402,279,410,876
3223,1151702,179,453,873
3224,1152041,140,504,765
3225,1152200,179,456,790
3226,1152399,139,330,657
3227,1152559,239,331,620
3228,1152898,100,406,715
3229,1153018,219,358,721
3230,1153396,279,461,723
3231,1153915,419,478,793
3232,1154373,120,527,790
3233,1154792,100,286,789
3234,1155011,259,352,807
3235,1155470,100,1021,663
3236,1155589,100,993,650
3237,1155968,120,984,680
3238,1156108,120,978,671
3239,1156487,140,1030,633
3240,1156806,339,958,576
3241,1157264,598,958,574
3242,1157922,299,1039,624
3243,1158401,259,1047,557
3244,1158759,299,724,489
3245,1159078,100,719,486
3246,1159198,459,741,595
3247,1159976,180,886,656
3248,1160255,419,902,666
3249,1160753,179,841,541
3250,1160953,120,846,534
3251,1161172,100,923,457
3252,1161292,399,881,444
3253,1161750,179,952,451
3254,1161969,279,745,470
3255,1162468,359,397,867
3256,1162866,399,289,808
3257,1163305,179,505,796
3258,1163544,140,455,784
3259,1163744,219,368,718
3260,1164182,160,448,595
3261,1164462,160,417,611
3262,1164681,140,454,613
3263,1165000,120,513,607
3264,1165538,279,303,623
3265,1165877,140,306,615
3266,1166037,179,376,628
3267,1166356,160,387,716
3268,1166575,239,352,726
3269,1166934,279,459,711
3270,1167333,379,480,792
3271,1167831,438,537,780
3272,1168828,160,295,772
3273,1169027,160,297,820
3274,1169227,160,863,480
3275,1169466,120,928,449
3276,1169606,120,893,444
3277,1169745,160,889,439
3278,1169924,120,859,539
3279,1170064,120,854,539
3280,1170204,479,848,550
3281,1170702,778,849,553
3282,1171500,120,721,607
3283,1172437,120,848,549
3284,1172835,120,708,470
3285,1173194,359,1016,635
3286,1173573,179,1017,635
3287,1173872,199,1008,644
3288,1174091,917,1032,617
3289,1175128,120,1032,610
3290,1175268,239,1040,615
3291,1175567,139,1052,601
3292,1175766,179,1143,548
3293,1175966,419,1108,556
3294,1176404,199,1164,561
3295,1176624,578,1146,653
3296,1177222,259,1144,666
3297,1177501,199,1179,662
3298,1177760,538,1050,733
3299,1178378,179,364,853
3300,1178577,299,420,872
3301,1178896,159,541,760
3302,1179156,199,498,773
3303,1179375,259,375,716
3304,1179774,119,440,595
3305,1179993,239,312,645
3306,1180372,199,308,644
3307,1180671,100,369,644
3308,1180950,140,1113,658
3309,1181189,160,1170,718
3310,1181369,279,1137,716
3311,1181668,379,1157,673
3312,1182086,239,1135,707
3313,1182346,479,1041,739
3314,1182944,140,285,605
3315,1183282,100,319,633
3316,1183402,239,404,555
3317,1183741,219,455,556
3318,1183980,140,412,545
3319,1184379,180,1166,697
3320,1184578,179,1164,664
3321,1184778,239,1145,714
3322,1185037,279,1107,707
3323,1185336,279,1052,725
3324,1185655,120,1082,772
3325,1185795,219,1042,788
3326,1186034,439,1117,719
3327,1186492,419,1215,797
3328,1186931,379,1174,823
3329,1187330,379,1221,783
3330,1187928,439,1111,703
3331,1188486,718,1212,790
3332,1189224,179,1169,739
3333,1189423,239,1214,760
3334,1189882,179,463,555
3335,1190081,239,390,540
3336,1190380,180,437,540
3337,1190600,259,302,471
3338,1190879,299,315,495
3339,1191218,239,606,527
3340,1191477,319,634,434
3341,1191876,219,368,508
3342,1192274,638,627,441
3343,1192992,100,627,437
3344,1193172,179,413,514
3345,1193371,120,415,514
3346,1193570,140,272,467
3347,1194129,120,307,433
3348,1194268,299,309,452
3349,1194587,279,311,454
3350,1194906,159,315,451
3351,1195086,180,313,464
3352,1195285,618,300,447
3353,1195923,120,299,450
3354,1196063,219,305,449
3355,1196621,499,295,672
3356,1197139,299,330,481
3357,1197518,379,597,964
3358,1198236,299,324,452
3359,1198555,140,320,443
3360,1198714,1495,403,546
3361,1200409,239,374,534
3362,1200668,219,300,456
3363,1200907,199,301,458
3364,1201127,199,300,449
3365,1201366,239,499,636
3366,1201824,120,398,561
3367,1202124,977,292,449
3368,1203160,180,237,523
3369,1203360,718,295,437
3370,1204217,140,300,436
3371,1204376,419,297,414
3372,1204955,219,189,401
3373,1205254,100,301,370
3374,1205373,159,299,390
3375,1205553,239,341,396
3376,1205852,179,76,390
3377,1206071,160,148,390
3378,1206310,140,161,397
3379,1206470,160,154,389
3380,1206689,179,558,649
3381,1206889,658,546,659
3382,1207586,538,534,661
3383,1208145,120,542,657
3384,1208344,518,474,712
3385,1208882,140,427,711
3386,1209042,100,426,715
3387,1209341,578,461,714
3388,1209939,120,427,745
3389,1210079,957,433,733
3390,1211056,1256,444,748
3391,1212352,120,433,735
3392,1212491,1236,442,717
3393,1213827,179,1143,717
3394,1214026,179,1167,692
3395,1214226,180,1146,626
3396,1214425,199,1228,612
3397,1214664,439,1041,638
3398,1215143,299,1216,617
3399,1215462,159,1107,619
3400,1215641,299,1163,621
3401,1215960,239,1237,625
3402,1216259,120,503,700
3403,1216458,538,481,749
3404,1217097,299,1159,605
3405,1217416,179,1031,629
3406,1217615,479,1040,646
3407,1218113,319,1218,624
3408,1218512,379,1156,622
3409,1218931,299,1125,535
3410,1219350,100,870,494
3411,1219609,279,268,252
3412,1219908,140,289,182
3413,1220127,419,75,198
3414,1220606,479,289,209
3415,1221104,140,216,185
3416,1221264,359,61,217
3417,1221642,1097,78,190
3418,1222799,379,81,279
3419,1223198,279,85,250
3420,1223497,219,73,282
3421,1223736,558,91,257
3422,1224334,160,235,224
3423,1224513,120,276,201
3424,1224653,179,274,205
3425,1224852,379,280,220
3426,1225291,179,78,218
3427,1225490,339,86,229
3428,1225889,1994,272,228
3429,1227982,140,261,207
3430,1228142,219,278,232
3431,1228401,299,258,226
3432,1228720,239,259,273
3433,1228979,279,235,233
3434,1229318,139,266,263
3435,1229478,279,242,243
3436,1229837,658,71,231
3437,1230514,439,85,202
3438,1230993,160,296,212
3439,1231172,778,273,209
3440,1232030,558,269,262
3441,1232668,439,250,252
3442,1233306,140,284,257
3443,1233465,279,278,209
3444,1233764,100,281,206
3445,1233884,259,276,218
3446,1234163,478,250,244
3447,1234721,319,262,214
3448,1235060,279,86,219
3449,1235359,478,161,240
3450,1235858,798,78,233
3451,1238729,758,53,245
3452,1242776,140,418,858
3453,1242976,219,514,768
3454,1243274,179,397,693
3455,1243474,578,482,723
3456,1244371,179,120,256
3457,1244570,399,77,247
3458,1245168,578,266,253
3459,1251848,279,316,248
3460,1252206,120,351,231
3461,1252406,120,70,229
3462,1252546,698,74,218
3463,1253283,179,301,223
3464,1253582,259,269,229
3465,1253881,439,122,219
3466,1254340,578,290,234
3467,1255038,219,276,252
3468,1255436,279,958,565
3469,1256114,160,998,502
3470,1256314,159,856,786
3471,1256493,498,853,754
3472,1257410,180,910,857
3473,1257630,219,1009,716
3474,1257869,259,1035,740
3475,1258208,279,382,798
3476,1258507,598,144,867
3477,1259125,778,193,821
3478,1259922,180,161,817
3479,1260202,219,386,618
3480,1260441,658,461,605
3481,1261856,738,689,373
3482,1262614,179,700,365
3483,1262953,180,576,356
3484,1263152,538,585,362
3485,1263790,100,689,1048
3486,1263950,219,664,1071
